CHMNP,Claims-Adj TPLC Rep-Sr Cons II,CSA SE MACON CASUALTY P-UNIT (52142478),MACON,Southeast CSA ,54539
KAAGA,Claims-Adj TPLC Unrep-Anlst II,CSA WS UTAH MULTI CAS UNREP 1 (52115455),UTAH,Southwest CSA ,788729
TABEN,Claims-Adj FPC PIP MP-Anlst III,BROOKLYN METRO MCO 2 NO-FAULT (52170737),BROOKLYN METRO MCO,New York CSA ,762427
JACCA,Claims-Adj TPLC Rep-Cons II,CSA NJ Monmouth Casualty Unit 2 (52128504),MONMOUTH,Allstate New Jersey CSA ,12710
EACED,Claims-Adj TPLC Unrep-Anlst III,CSA WS UTAH MULTI CAS UNREP 1 (52115455),UTAH,Southwest CSA ,779983
CADAS,Claims-Adj TPLC Rep-Sr Cons I,csa nw or cas rep 5 (52159629),OREGON CASUALTY,Northwest CSA ,778224
CD3M9,Claims-Adj TPLC Rep-Sr Cons II,CSA SE ATLANTA METRO CAS REP 1 (52122155),ATLANTA AUTO,Southeast CSA ,46385
SADEG,Claims-Adj TPLC Rep-Cons II,CSA TX DFW CAS REP 4 (52113214),DFW CASUALTY,Texas CSA ,770898
HAFRA,Claims-Adj FPC PIP MP-Anlst II,MED CENTRAL HOUSTON WEST (52164750),MED CENTRAL HOUSTON,Med Central CSA ,66173
PAGDU,Claims-Adj TPLC Rep-Anlst III,CSA NA TENNESSEE AUTO MCO UM REP (52169106),SOUTHERN AUTO MCO,Southern CSA ,786874
HALBE,Claims-Adj TPLC Rep-Anlst III,CSA NY Nassau Casualty MCO Cas. UR 1 (52113770),NASSAU CASUALTY MCO,New York CSA ,759400
CD9F0,Claims-Adj SIU Invstgr-Sr Cons II,CSA SIU BAKER (52129422),CLAIMS SOUTHEAST COAST,SIU CSA ,718032
CDDG6,Claims-Adj TPLC Rep-Sr Cons I,CSA NE WILLOW GROVE CAS REP 1 (52134276),PENNSYLVANIA AUTO MCO,Northeast CSA ,776206
MALE1,Claims-Adj FPC PIP MP-Anlst II,CSA MEDPAY A (52171061),MED CENTRAL BIRMINGHAM,Med Central CSA ,726297
GALEZ,Claims-Adj TPLC Rep-Anlst III,CSA NY Hauppauge MCO 3 CASUATY REP UNIT (52112932),HAUPPAUGE,New York CSA ,758485
CHM4M,Claims-Adj TPLC Unrep-Sr Cons I,CSA SE ATLANTA METRO CAS LIT (52138752),ATLANTA AUTO,Southeast CSA ,47397
AALIL,Claims-Adj FPC PIP MP-Anlst II,CSA NY Islandia MCO 5 NO FAULT 6 (52164469),ISLANDIA,New York CSA ,31757
R0CALLP,Claims-Adj Enc Cas-Cons II,CSA ENCOMPASS WOODRIDGE CASUALTY II (52166846),Woodridge,Encompass CSA ,768068
TMAGN,Claims-Adj FPC PIP MP-Anlst II,MED CENTRAL HOUSTON PA (52160460),MED CENTRAL HOUSTON,Med Central CSA ,777189
CALME,Claims-Adj FPC PIP MP-Anlst III,CSA NC MI PIP EXTEND (52172165),MICHIGAN PIP MCO,North Central CSA ,772517
DALTM,Claims-Adj Enc PIP MP-Anlst III,UNIT 4 (52168994),Encompass Centralized PIP/MED PAY,Encompass CSA ,773252
CLS1P,Claims-Adj FPC PIP MP-Cons I,MED CENTRAL HOUSTON WEST (52164750),MED CENTRAL HOUSTON,Med Central CSA ,779463
LALVE,Claims-Adj FPC PIP MP-Cons I,CSA NC MI PIP CAT PIP 2 (52168862),MICHIGAN PIP MCO,North Central CSA ,82887
AAMAT,Claims-Adj TPLC Rep-Sr Cons I,CSA WS NV MULTI LITIGATION (52136782),NEVADA MCO,Southwest CSA ,152810
TAMBR,Claims-Adj TPLC Rep-Cons II,CSA NW WA CAS 12 (52168027),WESTERN WA CASUALTY,Northwest CSA ,159364
RARAH,Claims-Adj FPC PIP MP-Anlst I,FL PIP CENTRAL - KEYS (52149080),FLORIDA PIP CENTRAL,Florida CSA ,52264
CDP4Y,Claims-Adj TPLC Rep-Sr Cons I,CSA NY Hauppauge MCO 3 CASUALTY REP UNIT (52112920),HAUPPAUGE,New York CSA ,27054
CDDH1,Claims-Adj TPLC Rep-Sr Cons I,CSA CAP BALTIMORE MCO REP 3 (52169269),MARYLAND CASUALTY MCO,Capital CSA ,27926
VARNF,Claims-Adj FPC PIP MP-Anlst I,FL PIP CENTRAL - SILVA (52159075),FLORIDA PIP CENTRAL,Florida CSA ,776434
CF4W6,Claims-Adj FPC PIP MP-Sr Cons I,MED CENTRAL HOUSTON TASK FORCE (52168906),MED CENTRAL HOUSTON,Med Central CSA ,57516
CASTR,Claims-Adj TPLC Rep-Anlst III,CSA NJ BWC UM/COMM (52160062),CLAIMS METRO EAST SIU,SIU CSA ,33024
SATIL,Claims-Adj TPLC Rep-Cons I,CSA TX DFW CAS REP 2 (52161480),DFW CASUALTY,Texas CSA ,765229
LAVER,Claims-Adj FPC PIP MP-Anlst II,CSA MEDPAY Y (52151576),MED CENTRAL BIRMINGHAM,Med Central CSA ,726689
MAWAH,Claims-Adj FPC PIP MP-Anlst III,CSA NC MI PIP EXTEND (52172165),MICHIGAN PIP MCO,North Central CSA ,772518
CAYLE,Claims-Adj FPC PIP MP-Anlst III,CSA NC MI PIP MED SPECIALTY (52115763),MICHIGAN PIP MCO,North Central CSA ,772439
CD14H,Claims-Adj SIU Invstgr-Cons II,CSA SIU MID AMERICA UK2 (52124712),CLAIMS CAPITAL-NASHVILLE SIU,SIU CSA ,781854
CJ75H,Claims-Adj TPLC Rep-Cons II,CASUALTY REP UNIT (52172336),MOORESTOWN,Allstate New Jersey CSA ,772121
CHMVY,Claims-Adj SIU Invstgr-Cons II,CLAIMS GL NE SIU MI PIP O (52170688),CLAIMS GREAT LAKES-NORTHEAST,SIU CSA ,784392
CDP5V,Claims-Adj FPC PIP MP-Sr Cons I,CSA NY Islandia MCO 5 NO FAULT 8 (52113233),ISLANDIA,New York CSA ,759237
ABA2G,Claims-Adj TPLC Rep-Sr Cons I,CSA NE HARRISBURG CAS REP 2 (52113238),HARRISBURG MCO,Northeast CSA ,764452
SBANU,Claims-Adj Enc Cas-Cons II,CSA ENCOMPASS ATLANTA (52159641),Atlanta,Encompass CSA ,777955
CBANK,Claims-Adj FPC PIP MP-Anlst II,CSA MEDPAY H (52167790),MED CENTRAL BIRMINGHAM,Med Central CSA ,44974
JBK99,Claims-Adj TPLC Rep-Anlst III,CSA CAP BALTIMORE MCO REP 1 (52171227),MARYLAND CASUALTY MCO,Capital CSA ,786580
CH95Q,Claims-Adj SIU Invstgr-Cons II,CSA SIU NEW JERSEY PIP (52115648),CLAIMS METRO EAST SIU,SIU CSA ,12399
C191187,Claims-Adj SIU Invstgr-Cons II,CLAIMS GL NE SIU ENC WILLSON (52129609),CLAIMS WESTERN FRONTIER,SIU CSA ,121334
CHMHM,Claims-Adj TPLC Rep-Sr Cons II,CSA NY ROCKLAND MCO 9 CASUALTY REP 3 (52141113),ROCKLAND,New York CSA ,12708
R0JBATJ,Claims-Adj SIU Invstgr-Cons II,CLAIMS GL NE SIU PA OH D (52170712),PENNSYLVANIA AUTO MCO,Northeast CSA ,214955
BBAUE,Claims-Adj TPLC Rep-Cons I,CSA NA KY/MS CASUALTY MCO - REP 1 (52163052),KENTUCKY MISSISSIPPI AUTO MCO,Southern CSA ,44453
VBAU0,Claims-Adj TPLC Rep-Cons II,CSA CAP ROANOKE MCO CAS UM/UIM (52106210),ROANOKE,Capital CSA ,44693
KBECO,Claims-Adj TPLC Rep-Cons I,CSA WS UTAH MULTI UNREP UM/UIM (52160502),UTAH,Southwest CSA ,780029
DBECO,Claims-Adj TPLC Rep-Cons II,CSA MW NORTH UM/UIM REP/TYPE 1 (52168257),CHICAGO NORTH MCO,Midwest CSA ,787655
JBEEB,Claims-Adj TPLC Rep-Cons I,CSA NE WILLOW GROVE CAS REP 1 (52134276),PENNSYLVANIA AUTO MCO,Northeast CSA ,788535
CD2DK,Claims-Adj TPLC Rep-Sr Cons II,CSA SE ATLANTA METRO CAS REP 4 (52165209),ATLANTA AUTO,Southeast CSA ,49568
NBEAA,Claims-Adj TPLC Rep-Cons I,CSA NJ MOORESTOWN REP 2 (52114794),MOORESTOWN,Allstate New Jersey CSA ,783246
YBELL,Claims-Adj FPC PIP MP-Anlst II,MED CENTRAL HOUSTON WA (52167861),MED CENTRAL HOUSTON,Med Central CSA ,66176
BBENG,Claims-Adj FPC PIP MP-Anlst II,MED CENTRAL HOUSTON PA (52160460),MED CENTRAL HOUSTON,Med Central CSA ,66177
DBENH,Claims-Adj TPLC Rep-Sr Cons I,CSA WC Colorado CAS UNREP1 (52115092),COLORADO CASUALTY,West Central CSA ,780609
CK7R1,Claims-Adj TPLC Rep-Cons II,CSA MW NORTH REP1 (52114824),CHICAGO NORTH MCO,Midwest CSA ,788431
CBEN3,Claims-Adj TPLC Rep-Cons II,CSA TX DFW CAS REP 5 (52171527),DFW CASUALTY,Texas CSA ,66440
CBERW,Claims-Adj TPLC Unrep-Analyst III,CSA NE HARRISBURG AUTO LIAB 1 (52131057),HARRISBURG MCO,Northeast CSA ,776050
CDNKV,Claims-Adj TPLC Rep-Sr Cons II,CSA NW OR CAS REP 4 (52139354),OREGON CASUALTY,Northwest CSA ,66572
CBILN,Claims-Adj TPLC Rep-Anlst III,CSA NC MDC BI REPRESENTED (52115780),METRO DETROIT CASUALTY,North Central CSA ,771295
CBISS,Claims-Adj TPLC Rep-Anlst III,CSA NC MDC BI REPRESENTED (52115780),METRO DETROIT CASUALTY,North Central CSA ,787380
CKV0Y,Claims-Adj TPLC Rep-Cons II,CSA NJ MOORESTOWN REP 2 (52114794),MOORESTOWN,Allstate New Jersey CSA ,27249
DBLAV,Claims-Adj TPLC Unrep-Anlst II,CSA FL TAMPA BAY CASUALTY A UNIT (52123025),TAMPA BAY CASUALTY,Florida CSA ,52183
CD969,Claims-Adj TPLC Rep-Sr Cons II,CASUALTY REP UNIT (52172336),MOORESTOWN,Allstate New Jersey CSA ,12539
CDBHG,Claims-Adj SIU Invstgr-Cons II,CSA SIU ROZANSKI (52161127),CLAIMS SOUTHEAST COAST,SIU CSA ,718033
SBOBJ,Claims-Adj FPC PIP MP-Cons II,MED CENTRAL HOUSTON WA (52167861),MED CENTRAL HOUSTON,Med Central CSA ,66178
CHH75,Claims-Adj TPLC Rep-Cons II,CSA NJ BWC UM/UIM (52114862),CLAIMS METRO EAST SIU,SIU CSA ,12307
MBOLO,Claims-Adj TPLC Rep-Anlst III,CSA WS OK MULTI CAS REPRESENTED (52163150),OKLAHOMA,Southwest CSA ,776662
JBOLT,Claims-Adj FPC PIP MP-Anlst II,MED CENTRAL HOUSTON CMOUNT (52163675),MED CENTRAL HOUSTON,Med Central CSA ,772175
SMAIQ,Claims-Adj FPC PIP MP-Anlst II,CSA NY Islandia MCO 5 NO FAULT 8 (52113233),ISLANDIA,New York CSA ,760622
DBORH,Claims-Adj TPLC Rep-Cons I,CSA NE WILLOW GROVE CAS REP 2 (52134277),PENNSYLVANIA AUTO MCO,Northeast CSA ,775410
DBOSC,Claims-Adj FPC PIP MP-Anlst III,CSA NY Islandia MCO 5 NO FAULT 6 (52164469),ISLANDIA,New York CSA ,758489
CDRNB,Claims-Adj TPLC Rep-Cons II,CSA NY Beacon MCO 7 CASUALTY REP 2 (52000793),BEACON,New York CSA ,764067
CBOWE,Claims-Adj FPC PIP MP-Anlst II,CSA MEDPAY F (52171062),MED CENTRAL BIRMINGHAM,Med Central CSA ,132215
CJ803,Claims-Adj TPLC Rep-Sr Cons II,CSA WS NV MULTI LITIGATION (52136782),NEVADA MCO,Southwest CSA ,153072
CLP8G,Claims-Adj TPLC Unrep-Cons II,CSA SE ATLANTA METRO CAS LIT (52138752),ATLANTA AUTO,Southeast CSA ,52245
CLDXL,Claims-Adj FPC PIP MP-Cons I,CSA MEDPAY E (52140680),MED CENTRAL BIRMINGHAM,Med Central CSA ,44151
CDSWN,Claims-Adj FPC PIP MP-Sr Cons I,CSA NC MI PIP CAT PIP 2 (52168862),MICHIGAN PIP MCO,North Central CSA ,772524
CFDSS,Claims-Adj FPC PIP MP-Sr Cons I,CSA NY Islandia MCO 5 NO FAULT 6 (52164469),ISLANDIA,New York CSA ,31759
CDV8M,Claims-Adj TPLC Rep-Cons II,CSA TX TEJAS MULTI 12 (52167780),TEJAS,Texas CSA ,64104
CBRE0,Claims-Adj TPLC Unrep-Anlst III,CASUALTY UNREPRESENTED (52166495),ARIZONA CASUALTY,Southwest CSA ,781955
CLGSJ,Claims-Adj TPLC Rep-Cons II,HARRISBURG MCO (52169471),HARRISBURG MCO,Northeast CSA ,24023
KBROC,Claims-Adj TPLC Rep-Sr Cons I,CSA TX TEJAS MULTI 4 (52167781),TEJAS,Texas CSA ,65470
CGB02,Claims-Adj TPLC Unrep-Cons II,CSA NJ MOORESTOWN UNREP CAS (52114786),MOORESTOWN,Allstate New Jersey CSA ,31973
CKF0T,Claims-Adj TPLC Rep-Cons II,CSA WS NV MULTI CAS REP (52136779),NEVADA MCO,Southwest CSA ,152643
CDSW4,Claims-Adj FPC PIP MP-Sr Cons II,CSA NC MI PIP CAT PIP 2 (52168862),MICHIGAN PIP MCO,North Central CSA ,772523
EBRO0,Claims-Adj TPLC Rep-Sr Cons II,CSA NY ROCKLAND MCO 9 CASUALTY REP 2 (52163365),ROCKLAND,New York CSA ,30182
CHKT9,Claims-Adj TPLC Rep-Sr Cons I,CSA TX DFW CAS REP 4 (52113214),DFW CASUALTY,Texas CSA ,67349
CHRP0,Claims-Adj SIU Invstgr-Cons II,WESTERN FRONTIER SIU - AZ C (52171263),CLAIMS GREAT LAKES-NORTHEAST,SIU CSA ,788542
SSCHH,Claims-Adj FPC PIP MP-Anlst II,MED CENTRAL HOUSTON (52170764),MED CENTRAL HOUSTON,Med Central CSA ,778149
CDGNX,Claims-Adj TPLC Rep-Sr Cons II,CSA NE WILLOW GROVE CAS REP 2 (52134277),PENNSYLVANIA AUTO MCO,Northeast CSA ,12387
CD88L,Claims-Adj TPLC Rep-Sr Cons II,CSA KC CAS LIT 2 (52169212),KANSAS CITY CASUALTY,West Central CSA ,770715
JBURD,Claims-Adj FPC PIP MP-Anlst II,MED CENTRAL HOUSTON CMOUNT (52163675),MED CENTRAL HOUSTON,Med Central CSA ,772217
NBURC,Claims-Adj TPLC Rep-Cons II,CSA NA TENNESSEE AUTO MCO UM REP (52169106),SOUTHERN AUTO MCO,Southern CSA ,44614
CDTVL,Claims-Adj TPLC Rep-Sr Cons I,CSA WS NV MULTI LITIGATION (52136782),NEVADA MCO,Southwest CSA ,773650
CD7SF,Claims-Adj TPLC Rep-Sr Cons II,CASUALTY REP UNIT (52172336),MOORESTOWN,Allstate New Jersey CSA ,12789
CH53Q,Claims-Adj TPLC Rep-Cons II,CSA NE WILLOW GROVE CAS REP 1 (52134276),PENNSYLVANIA AUTO MCO,Northeast CSA ,779531
CHD9V,Claims-Adj TPLC Rep-Sr Cons II,CSA NY ROCKLAND MCO 9 CASUALTY REP 1 (52163364),ROCKLAND,New York CSA ,12655
CDQDL,Claims-Adj FPC PIP MP-Sr Cons I,CSA NY ISLANDIA MCO 5 NO FAULT 9 (52170622),ISLANDIA,New York CSA ,137423
CGX4J,Claims-Adj FPC PIP MP-Sr Cons I,FL PIP CENTRAL - WILSON (52170928),FLORIDA PIP CENTRAL,Florida CSA ,52277
CDQX8,Claims-Adj TPLC Rep-Sr Cons II,CSA NY Hauppauge MCO 3 CASUATY REP UNIT (52112932),HAUPPAUGE,New York CSA ,12883
CBUSA,Claims-Adj FPC PIP MP-Anlst II,MED CENTRAL HOUSTON (52170764),MED CENTRAL HOUSTON,Med Central CSA ,66180
ACAGE,Claims-Adj FPC PIP MP-Anlst II,BROOKLYN METRO MCO 2 NO-FAULT (52170737),BROOKLYN METRO MCO,New York CSA ,760640
GCALL,Claims-Adj FPC PIP MP-Anlst II,MED CENTRAL HOUSTON PA (52160460),MED CENTRAL HOUSTON,Med Central CSA ,66182
RCAAR,Claims-Adj TPLC Rep-Cons II,CSA TX TEJAS MULTI 12 (52167780),TEJAS,Texas CSA ,787685
CDZKB,Claims-Adj FPC PIP MP-Cons II,FL PIP CENTRAL - SILVA (52159075),FLORIDA PIP CENTRAL,Florida CSA ,52176
CH4DK,Claims-Adj FPC PIP MP-Cons I,CSA MEDPAY Y (52151576),MED CENTRAL BIRMINGHAM,Med Central CSA ,726686
CDQF1,Claims-Adj FPC PIP MP-Cons II,CSA NY BROOKLYN METRO MCO 2 NO FAULT (52166763),BROOKLYN METRO MCO,New York CSA ,759346
CDSXZ,Claims-Adj FPC PIP MP-Cons II,CSA NC MI PIP LITIGATION (52115779),MICHIGAN PIP MCO,North Central CSA ,82190
ACAAK,Claims-Adj TPLC Rep-Cons II,CSA TX DFW CAS REP 4 (52113214),DFW CASUALTY,Texas CSA ,770706
CJ1G9,Claims-Adj TPLC Unrep-Sr Cons I,HOUSTON MCO UNREP A (52165755),HOUSTON,Texas CSA ,65729
BCAZ9,Claims-Adj FPC PIP MP-Anlst II,MED CENTRAL HOUSTON WEST (52164750),MED CENTRAL HOUSTON,Med Central CSA ,785766
LCAR7,Claims-Adj FPC PIP MP-Anlst II,CSA NY Brooklyn Metro MCO 2 No Fault (52143892),BROOKLYN METRO MCO,New York CSA ,758408
CDQHC,Claims-Adj FPC PIP MP-Cons I,CSA NY BROOKLYN METRO MCO 2 NO FAULT (52166763),BROOKLYN METRO MCO,New York CSA ,154253
CHMDN,Claims-Adj TPLC Rep-Anlst III,CSA TX DFW CAS REP 6 (52171207),DFW CASUALTY,Texas CSA ,775585
PCASW,Claims-Adj Enc Cas-Sr Cons I,CSA ENCOMPASS WOODRIDGE CASUALTY II (52166846),Woodridge,Encompass CSA ,207259
ACATZ,Claims-Adj FPC PIP MP-Anlst I,CSA NY Brooklyn Metro MCO 2 No Fault (52143892),BROOKLYN METRO MCO,New York CSA ,772981
JCAUV,Claims-Adj SIU Invstgr-Cons II,CSA SIU ROZANSKI (52161127),CLAIMS SOUTHEAST COAST,SIU CSA ,50941
CGPN9,Claims-Adj TPLC Rep-Sr Cons II,CSA NW WA CAS 12 (52168027),WESTERN WA CASUALTY,Northwest CSA ,776471
JCHAR,Claims-Adj TPLC Rep-Cons II,CSA CAP ROANOKE MCO CAS UM/UIM (52106210),ROANOKE,Capital CSA ,781124
CDTJ6,Claims-Adj TPLC Rep-Cons II,CSA NC MDC BI REPRESENTED (52115780),METRO DETROIT CASUALTY,North Central CSA ,81168
CD813,Claims-Adj FPC PIP MP-Anlst II,CSA MEDPAY E (52140680),MED CENTRAL BIRMINGHAM,Med Central CSA ,44032
DCHEX,Claims-Adj FPC PIP MP-Anlst I,CSA MEDPAY F (52171062),MED CENTRAL BIRMINGHAM,Med Central CSA ,788838
SCHJC,Claims-Adj TPLC Rep-Anlst III,CSA NY Brooklyn Metro MCO 2 CASUALTY REP (52000893),BROOKLYN METRO MCO,New York CSA ,762398
CHDPG,Claims-Adj TPLC Rep-Sr Cons II,CSA NY Nassau Casualty MCO Cas. Rep 4 (52001070),NASSAU CASUALTY MCO,New York CSA ,759230
KCHRJ,Claims-Adj TPLC Rep-Cons II,CSA WS UTAH MULTI UNREP UM/UIM (52160502),UTAH,Southwest CSA ,157468
CGGKY,Claims-Adj SIU Invstgr-Sr Cons II,CSA SIU NEW JERSEY CASUALTY 1 (52115586),CLAIMS METRO EAST SIU,SIU CSA ,12308
KCLAT,Claims-Adj FPC PIP MP-Anlst III,CSA MEDPAY F (52171062),MED CENTRAL BIRMINGHAM,Med Central CSA ,133368
CK2YB,Claims-Adj SIU Invstgr-Cons I,CLAIMS SIU ADLER (52130840),CLAIMS SOUTHEAST COAST,SIU CSA ,771349
LCOBC,Claims-Adj TPLC Rep-Cons II,CSA TX HOUSTON SPECIALTY CAS REP 3 (52163032),HOUSTON SPECIALTY,Texas CSA ,782571
WCOBU,Claims-Adj FPC PIP MP-Cons I,MED CENTRAL HOUSTON SPEC (52165651),MED CENTRAL HOUSTON,Med Central CSA ,66185
SHAJA,Claims-Adj FPC PIP MP-Anlst III,MED CENTRAL HOUSTON (52170826),MED CENTRAL HOUSTON,Med Central CSA ,66198
TCOMA,Claims-Adj FPC PIP MP-Anlst II,CSA NY BROOKLYN METRO MCO 2 NO FAULT (52166763),BROOKLYN METRO MCO,New York CSA ,765729
JCOME,Claims-Adj SIU Invstgr-Cons II,CLAIMS GL NE SIU MI C (52140608),CLAIMS GREAT LAKES-NORTHEAST,SIU CSA ,135367
CLLQB,Claims-Adj FPC PIP MP-Sr Cons I,CSA MEDPAY A (52171061),MED CENTRAL BIRMINGHAM,Med Central CSA ,44840
CCOLN,Claims-Adj TPLC Rep-Cons II,CSA TX DFW CAS REP 5 (52171527),DFW CASUALTY,Texas CSA ,67161
CDQK6,Claims-Adj FPC PIP MP-Cons II,CSA NY Islandia MCO 5 NO FAULT 1 (52129204),ISLANDIA,New York CSA ,153205
JCOLS,Claims-Adj TPLC Rep-Sr Cons I,CSA MW NORTH REP1 (52114824),CHICAGO NORTH MCO,Midwest CSA ,779355
PCOAA,Claims-Adj FPC PIP MP-Cons II,CSA MEDPAY S (52164692),MED CENTRAL BIRMINGHAM,Med Central CSA ,118835
MCOLS,Claims-Adj TPLC Rep-Cons I,CSA NE WILLOW GROVE CAS REP 1 (52134276),PENNSYLVANIA AUTO MCO,Northeast CSA ,776483
MCOL3,Claims-Adj TPLC Rep-Anlst III,CSA WC Colorado CAS UNREP1 (52115092),COLORADO CASUALTY,West Central CSA ,780605
RCOMO,Claims-Adj TPLC Rep-Anlst III,CSA NY Hauppauge MCO 3 CASUATY REP UNIT (52112932),HAUPPAUGE,New York CSA ,758477
CHCL5,Claims-Adj SIU Invstgr-Sr Cons II,CLAIMS GL NE SIU MI PIP O (52170688),CLAIMS GREAT LAKES-NORTHEAST,SIU CSA ,78018
ACON3,Claims-Adj FPC PIP MP-Anlst II,FL PIP CENTRAL - TOWNSEND (52143187),FLORIDA PIP CENTRAL,Florida CSA ,52182
CJ07X,Claims-Adj TPLC Rep-Sr Cons II,CSA TX DFW CAS REP 4 (52113214),DFW CASUALTY,Texas CSA ,786531
NCORE,Claims-Adj TPLC Rep-Cons II,CSA TX TEJAS MULTI 3 (52166615),TEJAS,Texas CSA ,781298
C470396,Claims-Adj SIU Invstgr-Cons II,CLAIMS GL NE SIU ENC A P C (52170686),CLAIMS METRO EAST SIU,SIU CSA ,777191
MCORS,Claims-Adj TPLC Rep-Anlst III,CSA NY WESTERN NY CASUALTY K (52173298),WESTERN NY MCO,New York CSA ,784260
JCHBN,Claims-Adj FPC PIP MP-Cons II,CSA NY Islandia MCO 5 NO FAULT 1 (52129204),ISLANDIA,New York CSA ,758455
HCORR,Claims-Adj TPLC Unrep-Cons II,CSA TX TEJAS MULTI 2 (52119273),TEJAS,Texas CSA ,766337
CKWXR,Claims-Adj SIU Invstgr-Sr Cons I,WESTERN FRONTIER SIU - AZ C (52171263),CLAIMS GREAT LAKES-NORTHEAST,SIU CSA ,123951
MCOAB,Claims-Adj TPLC Rep-Sr Cons I,CSA TX HOUSTON SPECIALTY CAS REP 6 (52163009),HOUSTON SPECIALTY,Texas CSA ,134770
ACORZ,Claims-Adj TPLC Rep-Anlst III,CSA WS OK MULTI CAS REPRESENTED (52163150),OKLAHOMA,Southwest CSA ,778735
CDJMG,Claims-Adj TPLC Rep-Sr Cons II,CSA WC Colorado CAS REP1 (52134233),COLORADO CASUALTY,West Central CSA ,158755
CF2XG,Claims-Adj FPC PIP MP-Anlst I,FL PIP CENTRAL - TOWNSEND (52143187),FLORIDA PIP CENTRAL,Florida CSA ,779643
BCOSU,Claims-Adj FPC PIP MP-Anlst II,CSA NY ISLANDIA MCO 5 NO FAULT 4 (52113121),ISLANDIA,New York CSA ,760827
JHAAE,Claims-Adj FPC PIP MP-Anlst III,FL PIP CENTRAL - WILSON (52170928),FLORIDA PIP CENTRAL,Florida CSA ,53035
CLFDJ,Claims-Adj FPC PIP MP-Anlst III,CSA MEDPAY H (52167790),MED CENTRAL BIRMINGHAM,Med Central CSA ,780919
DCOUU,Claims-Adj FPC PIP MP-Cons I,CSA NC MI PIP EXTEND (52172165),MICHIGAN PIP MCO,North Central CSA ,772519
CDSYS,Claims-Adj SIU Invstgr-Cons II,CLAIMS GL NE SIU MI PIP O (52170688),CLAIMS GREAT LAKES-NORTHEAST,SIU CSA ,65871
CCRIS,Claims-Adj SIU Invstgr-Cons II,CLAIMS GL NE SIU MI C (52140608),CLAIMS GREAT LAKES-NORTHEAST,SIU CSA ,128182
ACRO0,Claims-Adj FPC PIP MP-Anlst II,FL PIP CENTRAL - KEYS (52149080),FLORIDA PIP CENTRAL,Florida CSA ,52189
DCRUU,Claims-Adj FPC PIP MP-Anlst II,MED CENTRAL HOUSTON CMOUNT (52163675),MED CENTRAL HOUSTON,Med Central CSA ,66186
CCRUA,Claims-Adj FPC PIP MP-Anlst II,CSA MEDPAY SPECIALTY (52169024),MED CENTRAL BIRMINGHAM,Med Central CSA ,49695
SSCAD,Claims-Adj TPLC Rep-Cons II,CSA NE PITTSBURGH CAS REP 1 (52114069),PITTSBURGH,Northeast CSA ,782794
CDG1H,Claims-Adj TPLC Rep-Sr Cons II,CSA CAP RICHMOND MCO CAS UNREP 1 (52114064),RICHMOND,Capital CSA ,788361
TCUSA,Claims-Adj FPC PIP MP-Sr Cons I,BROOKLYN METRO MCO 2 NO-FAULT (52170737),BROOKLYN METRO MCO,New York CSA ,759340
CGS49,Claims-Adj TPLC Rep-Cons II,CSA TX TEJAS MULTI 3 (52166615),TEJAS,Texas CSA ,64671
C67462,Claims-Adj Enc Cas-Sr Cons II,CSA CR ADMIN CAS AUTO LIABILITY FPE 1 (52103156),Atlanta,Encompass CSA ,25930
CDW25,Claims-Adj TPLC Rep-Sr Cons II,CSA WS AZ CASUALTY LITIGATION (52154210),ARIZONA CASUALTY,Southwest CSA ,779242
DDANN,Claims-Adj SIU Invstgr-Cons II,CLAIMS GL NE SIU IN A P C (52161390),CLAIMS GREAT LAKES-NORTHEAST,SIU CSA ,123374
PDARB,Claims-Adj FPC PIP MP-Anlst I,FL PIP CENTRAL - SILVA (52159075),FLORIDA PIP CENTRAL,Florida CSA ,52235
JDART,Claims-Adj TPLC Rep-Cons I,CSA NY Hauppauge MCO 3 CASUALTY UNREP (52112935),HAUPPAUGE,New York CSA ,780777
ADATN,Claims-Adj FPC PIP MP-Anlst I,CSA MEDPAY S (52164692),MED CENTRAL BIRMINGHAM,Med Central CSA ,784005
DDAVG,Claims-Adj TPLC Rep-Anlst III,CSA NC MDC BI UNREP/UM-UIM UNREP (52142852),METRO DETROIT CASUALTY,North Central CSA ,772301
CD8N1,Claims-Adj TPLC Unrep-Cons II,HOUSTON MCO MCO UNREP N (52167746),HOUSTON,Texas CSA ,65149
CGB77,Claims-Adj TPLC Rep-Sr Cons II,CSA SE ATLANTA METRO CAS LIT (52138752),ATLANTA AUTO,Southeast CSA ,43812
C60857,Claims-Adj Enc Cas-Cons I,CSA ENCOMPASS NY CASUALTY (52102628),Glens Falls,Encompass CSA ,754883
TDAV5,Claims-Adj FPC PIP MP-Anlst III,CSA NC MI PIP CAT PIP 1 (52167849),MICHIGAN PIP MCO,North Central CSA ,772541
KDAX9,Claims-Adj FPC PIP MP-Anlst II,MED CENTRAL HOUSTON WA (52167861),MED CENTRAL HOUSTON,Med Central CSA ,66187
CDZTY,Claims-Adj SIU Invstgr-Cons II,CSA SIU NEW JERSEY CASUALTY 1 (52115586),CLAIMS METRO EAST SIU,SIU CSA ,12390
CFTB1,Claims-Adj Enc PIP MP-Cons II,FL PIP CENTRAL - WILSON (52170928),FLORIDA PIP CENTRAL,Florida CSA ,52280
NDAWK,Claims-Adj TPLC Rep-Anlst III,CSA NY Brooklyn Metro MCO 2 CASUALTY REP (52000893),BROOKLYN METRO MCO,New York CSA ,760631
SDEJF,Claims-Adj FPC PIP MP-Anlst I,FL PIP CENTRAL - SILVA (52159075),FLORIDA PIP CENTRAL,Florida CSA ,52265
CDBR3,Claims-Adj TPLC Unrep-Sr Cons II,CSA SE RAL UM/UIM 1 (52172657),RALEIGH,Southeast CSA ,126271
KDEAP,Claims-Adj TPLC Rep-Anlst III,CSA NY WESTERN NY CASUALTY M (52165776),WESTERN NY MCO,New York CSA ,784261
CHG1X,Claims-Adj TPLC Rep-Cons II,CSA NJ Monmouth Casualty Unit 2 (52128504),MONMOUTH,Allstate New Jersey CSA ,12312
CFSWZ,Claims-Adj FPC PIP MP-Sr Cons I,CSA NC MI PIP MED SPECIALTY (52115763),MICHIGAN PIP MCO,North Central CSA ,772435
C031427,Claims-Adj Enc PIP MP-Anlst III,UNIT 4 (52168994),Encompass Centralized PIP/MED PAY,Encompass CSA ,24796
DDEMA,Claims-Adj TPLC Rep-Cons I,CSA NY Nassau Casualty MCO Cas. Rep 4 (52001070),NASSAU CASUALTY MCO,New York CSA ,759065
CK50P,Claims-Adj TPLC Rep-Sr Cons I,CSA TX DFW CAS REP 10 (52169648),DFW CASUALTY,Texas CSA ,66380
CGZ7V,Claims-Adj FPC PIP MP-Sr Cons I,FL PIP CENTRAL - WILSON (52170928),FLORIDA PIP CENTRAL,Florida CSA ,52282
CDG3F,Claims-Adj SIU Invstgr-Cons I,CSA SIU BARNSWELL (52160168),CLAIMS SOUTHEAST COAST,SIU CSA ,717937
AJACS,Claims-Adj TPLC Unrep-Cons II,HOUSTON MCO MCO UNREP N (52167746),HOUSTON,Texas CSA ,777233
JDILR,Claims-Adj FPC PIP MP-Anlst III,FL PIP CENTRAL - KEYS (52149080),FLORIDA PIP CENTRAL,Florida CSA ,764007
CD5MZ,Claims-Adj FPC PIP MP-Sr Cons I,CSA NY Brooklyn Metro MCO 2 NO-FAULT 4 (52159652),BROOKLYN METRO MCO,New York CSA ,63929
CG9N4,Claims-Adj FPC PIP MP-Cons II,CSA NC MI PIP CAT PIP 1 (52167849),MICHIGAN PIP MCO,North Central CSA ,772539
CDJUR,Claims-Adj TPLC Rep-Sr Cons I,CSA WS NV MULTI CAS REP (52136779),NEVADA MCO,Southwest CSA ,773651
CDGDG,Claims-Adj TPLC Rep-Sr Cons II,CSA NE WILLOW GROVE CAS CPL (52134210),PENNSYLVANIA AUTO MCO,Northeast CSA ,24300
CDSZM,Claims-Adj FPC PIP MP-Cons II,CSA NC MI PIP LITIGATION (52115779),MICHIGAN PIP MCO,North Central CSA ,81985
CDZXF,Claims-Adj TPLC Rep-Sr Cons II,CSA NJ Monmouth Casualty Unit 3 (52122199),MONMOUTH,Allstate New Jersey CSA ,12348
CD9KR,Claims-Adj TPLC Rep-Sr Cons I,CSA WS AZ CASUALTY LITIGATION (52154210),ARIZONA CASUALTY,Southwest CSA ,157648
RDOND,Claims-Adj SIU Invstgr-Cons II,CLAIMS GL NE SIU MI PIP O (52170688),CLAIMS GREAT LAKES-NORTHEAST,SIU CSA ,123353
CHFS3,Claims-Adj TPLC Rep-Cons II,CSA WS NV MULTI CAS REP (52136779),NEVADA MCO,Southwest CSA ,152995
CKVJ7,Claims-Adj TPLC Unrep-Cons II,CSA WC KC CAS UNREP 1 (52115107),KANSAS CITY CASUALTY,West Central CSA ,156912
CDT5H,Claims-Adj TPLC Rep-Sr Cons II,CSA WS AZ CASUALTY LITIGATION (52154210),ARIZONA CASUALTY,Southwest CSA ,779316
CDT5J,Claims-Adj TPLC Rep-Cons II,CSA WS NV MULTI CAS REP (52136779),NEVADA MCO,Southwest CSA ,773689
DDOYL,Claims-Adj TPLC Rep-Cons II,CSA NW WA CAS 12 (52168027),WESTERN WA CASUALTY,Northwest CSA ,774087
CDD1Y,Claims-Adj TPLC Rep-Cons II,CSA NE WILLOW GROVE CAS REP 2 (52134277),PENNSYLVANIA AUTO MCO,Northeast CSA ,23604
LDUGA,Claims-Adj FPC PIP MP-Anlst II,CSA NC MI PIP ACP (52165042),MICHIGAN PIP MCO,North Central CSA ,782876
CDUNE,Claims-Adj FPC PIP MP-Cons I,CSA MEDPAY H (52167790),MED CENTRAL BIRMINGHAM,Med Central CSA ,122829
CDZYR,Claims-Adj TPLC Rep-Sr Cons I,CSA NJ MOORESTOWN REP 2 (52114794),MOORESTOWN,Allstate New Jersey CSA ,22789
CDJZY,Claims-Adj TPLC Rep-Sr Cons II,CSA WS UTAH MULTI REP UM/UIM (52160501),UTAH,Southwest CSA ,778316
CDBTX,Claims-Adj SIU Invstgr-Sr Cons I,CSA SIU MASSARELLA (52133228),CLAIMS SOUTHEAST COAST,SIU CSA ,773480
CLHZW,Claims-Adj FPC PIP MP-Sr Cons I,CSA NY ISLANDIA MCO 5 NO FAULT 9 (52170622),ISLANDIA,New York CSA ,758487
CDQV6,Claims-Adj TPLC Rep-Sr Cons II,CSA NY Beacon MCO 7 CASUALTY UNREP/REP (52113454),BEACON,New York CSA ,22537
CDS0Q,Claims-Adj TPLC Rep-Cons II,CSA NC MDC BI REPRESENTED (52115780),METRO DETROIT CASUALTY,North Central CSA ,772299
JGOOF,Claims-Adj TPLC Rep-Cons I,CSA NA TENNESSEE AUTO MCO UM REP (52169106),SOUTHERN AUTO MCO,Southern CSA ,43778
LWIA2,Claims-Adj SIU Invstgr-Cons II,CSA SIU MID AMERICA UK2 (52124712),CLAIMS CAPITAL-NASHVILLE SIU,SIU CSA ,82194
CERSK,Claims-Adj TPLC Rep-Anlst III,CSA NY WESTERN NY CASUALTY M (52165776),WESTERN NY MCO,New York CSA ,784252
JESPO,Claims-Adj FPC PIP MP-Anlst II,CSA NY Islandia MCO 5 NO FAULT 6 (52164469),ISLANDIA,New York CSA ,770566
CD857,Claims-Adj FPC PIP MP-Sr Cons I,CSA NY Brooklyn Metro MCO 2 NO-FAULT 5 (52000903),BROOKLYN METRO MCO,New York CSA ,759343
BEYMA,Claims-Adj TPLC Rep-Cons II,CSA NW OR CAS REP 4 (52139354),OREGON CASUALTY,Northwest CSA ,776532
RFAVA,Claims-Adj TPLC Rep-Cons II,CSA NJ BWC UM/UIM (52114862),CLAIMS METRO EAST SIU,SIU CSA ,22481
MFEAC,Claims-Adj TPLC Rep-Cons II,CSA SE ATLANTA METRO CAS UM (52132027),ATLANTA AUTO,Southeast CSA ,44011
CH75W,Claims-Adj TPLC Rep-Cons II,CSA FL TAMPA BAY CASUALTY J UNIT (52146106),TAMPA BAY CASUALTY,Florida CSA ,780504
CLNPB,Claims-Adj FPC PIP MP-Cons II,CSA MEDPAY Y (52151576),MED CENTRAL BIRMINGHAM,Med Central CSA ,784646
SGUTA,Claims-Adj TPLC Rep-Anlst III,CSA NY Nassau Casualty MCO Cas. Rep 4 (52001070),NASSAU CASUALTY MCO,New York CSA ,775265
CLDY4,Claims-Adj TPLC Rep-Sr Cons I,CSA NW WA CAS REP 11 (52154476),WESTERN WA CASUALTY,Northwest CSA ,776368
CLJSQ,Claims-Adj TPLC Rep-Cons II,CSA WS NV MULTI CAS REP (52136779),NEVADA MCO,Southwest CSA ,773690
CDSGS,Claims-Adj FPC PIP MP-Sr Cons I,CSA NY ISLANDIA MCO 5 NO FAULT 4 (52113121),ISLANDIA,New York CSA ,759688
CGSDY,Claims-Adj FPC PIP MP-Cons II,CSA NY Islandia MCO 5 NO FAULT 2 (52113120),ISLANDIA,New York CSA ,758488
CH8Q4,Claims-Adj TPLC Rep-Sr Cons II,CSA KC CAS LIT 2 (52169212),KANSAS CITY CASUALTY,West Central CSA ,776230
CHJ8Z,Claims-Adj FPC PIP MP-Sr Cons I,CSA MEDPAY E (52140680),MED CENTRAL BIRMINGHAM,Med Central CSA ,44667
RFOLE,Claims-Adj SIU Invstgr-Cons I,CSA SIU NY EIP UNIT (52129601),CLAIMS METRO EAST SIU,SIU CSA ,758464
MFORD,Claims-Adj FPC PIP MP-Anlst II,CSA MEDPAY E (52140680),MED CENTRAL BIRMINGHAM,Med Central CSA ,45815
CD249,Claims-Adj TPLC Rep-Sr Cons I,CSA SE ATLANTA METRO CAS LIT (52138752),ATLANTA AUTO,Southeast CSA ,43822
CD25F,Claims-Adj TPLC Rep-Sr Cons II,CSA WS OK MULTI CAS REPRESENTED (52163150),OKLAHOMA,Southwest CSA ,45479
CG01D,Claims-Adj TPLC Rep-Sr Cons I,CSA SE ATLANTA METRO CAS REP 1 (52122155),ATLANTA AUTO,Southeast CSA ,768868
AFOSZ,Claims-Adj TPLC Unrep-Anlst II,HOUSTON MCO ICST G (52169248),HOUSTON,Texas CSA ,787189
C190935,Claims-Adj TPLC Rep-Cons II,CSA NJ MOORESTOWN REP 2 (52114794),MOORESTOWN,Allstate New Jersey CSA ,771262
AFREN,Claims-Adj FPC PIP MP-Anlst II,MED CENTRAL HOUSTON SPEC (52165651),MED CENTRAL HOUSTON,Med Central CSA ,773293
RFREC,Claims-Adj TPLC Rep-Sr Cons I,CSA TX TEJAS MULTI 3 (52166615),TEJAS,Texas CSA ,64675
KFROE,Claims-Adj FPC PIP MP-Anlst III,MED CENTRAL HOUSTON (52170764),MED CENTRAL HOUSTON,Med Central CSA ,724222
BFUEN,Claims-Adj FPC PIP MP-Anlst II,CSA NY Brooklyn Metro MCO 2 NO-FAULT 4 (52159652),BROOKLYN METRO MCO,New York CSA ,766655
JFUER,Claims-Adj FPC PIP MP-Anlst I,CSA NY ISLANDIA MCO 5 NO FAULT 9 (52170622),ISLANDIA,New York CSA ,762799
CLDN4,Claims-Adj FPC PIP MP-Anlst III,MED CENTRAL HOUSTON (52170826),MED CENTRAL HOUSTON,Med Central CSA ,45816
PGAAA,Claims-Adj TPLC Rep-Cons II,CSA NA TENNESSEE AUTO MCO CAS REP 2 (52162644),SOUTHERN AUTO MCO,Southern CSA ,44444
ABUTS,Claims-Adj TPLC Rep-Anlst III,CSA NA KY/MS CASUALTY MCO - REP (52113651),KENTUCKY MISSISSIPPI AUTO MCO,Southern CSA ,775827
CGAMA,Claims-Adj FPC PIP MP-Anlst II,CSA MEDPAY Y (52151576),MED CENTRAL BIRMINGHAM,Med Central CSA ,44060
VGANN,Claims-Adj TPLC Rep-Anlst III,CSA NY Brooklyn Metro MCO 2 CASUALTY REP (52000893),BROOKLYN METRO MCO,New York CSA ,759311
CKMQL,Claims-Adj FPC PIP MP-Anlst III,CSA NY Brooklyn Metro MCO 2 No Fault (52143892),BROOKLYN METRO MCO,New York CSA ,759329
CGAY9,Claims-Adj TPLC Rep-Cons II,CSA TX HOUSTON SPECIALTY CAS REP 3 (52163032),HOUSTON SPECIALTY,Texas CSA ,766601
QGARD,Claims-Adj FPC PIP MP-Anlst II,CSA MEDPAY Y (52151576),MED CENTRAL BIRMINGHAM,Med Central CSA ,788974
CHJSY,Claims-Adj SIU Invstgr-Cons II,CLAIMS SIU ADLER (52130840),CLAIMS SOUTHEAST COAST,SIU CSA ,51650
CKG82,Claims-Adj FPC PIP MP-Cons II,CSA MEDPAY M (52161039),MED CENTRAL BIRMINGHAM,Med Central CSA ,213472
CH5K3,Claims-Adj TPLC Unrep-Sr Cons I,HOUSTON MCO MCO UNREP N (52167746),HOUSTON,Texas CSA ,66753
CJQ40,Claims-Adj TPLC Rep-Cons II,CSA WC KC CAS LITIGATION (52122265),KANSAS CITY CASUALTY,West Central CSA ,125427
CADKI,Claims-Adj FPC PIP MP-Anlst II,FL PIP CENTRAL - KEYS (52149080),FLORIDA PIP CENTRAL,Florida CSA ,52185
CGR2S,Claims-Adj TPLC Unrep-Cons I,CSA NJ MOORESTOWN UNREP CAS (52114786),MOORESTOWN,Allstate New Jersey CSA ,22785
R0MMC30,Claims-Adj Enc Cas-Sr Cons II,CSA ENCOMPASS WOODRIDGE CASUALTY II (52166846),Woodridge,Encompass CSA ,83329
AGIBB,Claims-Adj FPC PIP MP-Anlst II,FL PIP CENTRAL - TOWNSEND (52143187),FLORIDA PIP CENTRAL,Florida CSA ,52181
CKZ2H,Claims-Adj TPLC Rep-Cons II,CSA TX DFW CAS REP 3 (52166942),DFW CASUALTY,Texas CSA ,65484
CJL45,Claims-Adj FPC PIP MP-Anlst II,FL PIP CENTRAL - PROFFITT (52143190),FLORIDA PIP CENTRAL,Florida CSA ,52174
CHD91,Claims-Adj TPLC Rep-Cons II,CSA TX DFW CAS REP 6 (52171207),DFW CASUALTY,Texas CSA ,779452
CJRCK,Claims-Adj TPLC Rep-Sr Cons I,CSA TX HOUSTON SPECIALTY CAS REP 2 (52132533),HOUSTON SPECIALTY,Texas CSA ,125486
CDVCN,Claims-Adj SIU Invstgr-Cons II,CSA SIU MID AMERICA UK2 (52124712),CLAIMS CAPITAL-NASHVILLE SIU,SIU CSA ,43922
CGILS,Claims-Adj TPLC Rep-Cons II,CSA NW WA CAS REP 11 (52154476),WESTERN WA CASUALTY,Northwest CSA ,785303
TGIAA,Claims-Adj FPC PIP MP-Anlst II,CSA MEDPAY SPECIALTY (52169024),MED CENTRAL BIRMINGHAM,Med Central CSA ,158898
JGISO,Claims-Adj FPC PIP MP-Anlst II,CSA NY BROOKLYN METRO MCO 2 NO FAULT (52166763),BROOKLYN METRO MCO,New York CSA ,759348
CJ272,Claims-Adj TPLC Unrep-Sr Cons II,CSA TX DFW CAS REP 2 (52161480),DFW CASUALTY,Texas CSA ,775626
CHJC0,Claims-Adj FPC PIP MP-Sr Cons I,MED CENTRAL HOUSTON TASK FORCE (52168906),MED CENTRAL HOUSTON,Med Central CSA ,62214
RGONT,Claims-Adj FPC PIP MP-Anlst II,FL PIP CENTRAL - PROFFITT (52143190),FLORIDA PIP CENTRAL,Florida CSA ,52195
CDZ7W,Claims-Adj TPLC Rep-Sr Cons II,CSA NJ Monmouth Casualty Unit 3 (52122199),MONMOUTH,Allstate New Jersey CSA ,12341
BGOSY,Claims-Adj TPLC Rep-Cons II,CSA TX HOUSTON SPECIALTY CAS REP 3 (52163032),HOUSTON SPECIALTY,Texas CSA ,765613
CD6GY,Claims-Adj TPLC Rep-Cons II,CSA NJ BWC UM/UIM (52114862),CLAIMS METRO EAST SIU,SIU CSA ,28378
KGRAQ,Claims-Adj TPLC Rep-Cons II,CSA NJ Monmouth Casualty Unit 3 (52122199),MONMOUTH,Allstate New Jersey CSA ,22768
R0CGR26,Claims-Adj Enc PIP MP-Cons II,CSA ENCOMPASS NJ PIP (52165433),Encompass Centralized PIP/MED PAY,Encompass CSA ,739356
CDVD3,Claims-Adj TPLC Rep-Cons II,CSA TX DFW CAS REP 4 (52113214),DFW CASUALTY,Texas CSA ,65190
SGRK9,Claims-Adj FPC PIP MP-Anlst II,MED CENTRAL HOUSTON SPEC (52165651),MED CENTRAL HOUSTON,Med Central CSA ,66196
JGRBU,Claims-Adj FPC PIP MP-Sr Cons I,CSA NY Islandia MCO 5 NO FAULT 8 (52113233),ISLANDIA,New York CSA ,758493
MGREZ,Claims-Adj FPC PIP MP-Anlst II,CSA MEDPAY S (52164692),MED CENTRAL BIRMINGHAM,Med Central CSA ,132161
MHEAH,Claims-Adj TPLC Rep-Cons II,CSA TX HOUSTON SPECIALTY CAS REP 11 (52167779),HOUSTON SPECIALTY,Texas CSA ,64857
CGN02,Claims-Adj FPC PIP MP-Cons II,BROOKLYN METRO MCO 2 NO-FAULT (52170737),BROOKLYN METRO MCO,New York CSA ,47074
CHLF0,Claims-Adj TPLC Rep-Sr Cons I,CSA NC SUMMIT REPRESENTED- N UNIT (52169730),SUMMIT MCO,North Central CSA ,29922
CHN5M,Claims-Adj FPC PIP MP-Cons II,CSA NJ BWC PIP/LIT (52114863),CLAIMS METRO EAST SIU,SIU CSA ,12396
PGREO,Claims-Adj TPLC Rep-Consultant I,NE Casualty Unit R (52113264),NORTHEAST CASUALTY,Northeast CSA ,782406
CKQS5,Claims-Adj FPC PIP MP-Cons II,CSA NY Brooklyn Metro MCO 2 No Fault (52143892),BROOKLYN METRO MCO,New York CSA ,759327
DCONS,Claims-Adj FPC PIP MP-Cons II,CSA NY ISLANDIA MCO 5 NO FAULT 9 (52170622),ISLANDIA,New York CSA ,758491
CJ75G,Claims-Adj TPLC Rep-Cons II,CASUALTY REP UNIT (52172336),MOORESTOWN,Allstate New Jersey CSA ,22790
CDQ31,Claims-Adj TPLC Rep-Sr Cons II,CSA NJ Monmouth Casualty Unit 3 (52122199),MONMOUTH,Allstate New Jersey CSA ,12792
JGUOB,Claims-Adj FPC PIP MP-Anlst I,CSA NY ISLANDIA MCO 5 NO FAULT 9 (52170622),ISLANDIA,New York CSA ,773077
BGUYV,Claims-Adj FPC PIP MP-Anlst II,CSA MEDPAY S (52164692),MED CENTRAL BIRMINGHAM,Med Central CSA ,133849
CDTZ5,Claims-Adj SIU Invstgr-Sr Cons II,WESTERN FRONTIER SIU - AZ C (52171263),CLAIMS GREAT LAKES-NORTHEAST,SIU CSA ,125511
CKXRK,Claims-Adj TPLC Rep-Sr Cons I,CSA WS AZ CASUALTY LITIGATION (52154210),ARIZONA CASUALTY,Southwest CSA ,779315
CD463,Claims-Adj TPLC Unrep-Sr Cons II,CSA WS OK MULTI LDU (52167424),OKLAHOMA,Southwest CSA ,44146
CHARL,Claims-Adj FPC PIP MP-Anlst II,CSA NC MI PIP LIMITED CARE (52172906),MICHIGAN PIP MCO,North Central CSA ,772451
CG12N,Claims-Adj TPLC Unrep-Cons II,CSA WS OK MULTI CAS CONTINUING (52163124),OKLAHOMA,Southwest CSA ,44056
CK58S,Claims-Adj TPLC Rep-Cons I,AL MCO AUTO 2 (52173410),ALABAMA MCO,Southeast CSA ,44315
TSVDC,Claims-Adj FPC PIP MP-Anlst II,CSA NC MI PIP LIMITED CARE (52172906),MICHIGAN PIP MCO,North Central CSA ,772445
KHAWN,Claims-Adj FPC PIP MP-Anlst II,CSA MEDPAY F (52171062),MED CENTRAL BIRMINGHAM,Med Central CSA ,45244
BHAYF,Claims-Adj TPLC Rep-Cons II,CSA SE ATLANTA METRO CAS REP 1 (52122155),ATLANTA AUTO,Southeast CSA ,770794
AHAYW,Claims-Adj FPC PIP MP-Sr Cons I,MED CENTRAL HOUSTON PA (52160460),MED CENTRAL HOUSTON,Med Central CSA ,778234
CDVJJ,Claims-Adj TPLC Rep-Sr Cons I,CSA TX TEJAS MULTI 3 (52166615),TEJAS,Texas CSA ,789070
JHEMS,Claims-Adj TPLC Rep-Sr Cons II,CSA TX TEJAS MULTI 3 (52166615),TEJAS,Texas CSA ,64677
JHEA2,Claims-Adj SIU Invstgr-Sr Cons I,CSA SIU NEW JERSEY CASUALTY 1 (52115586),CLAIMS METRO EAST SIU,SIU CSA ,17360
RWASC,Claims-Adj TPLC Rep-Cons II,CSA TX HOUSTON SPECIALTY CAS REP 7 (52170580),HOUSTON SPECIALTY,Texas CSA ,62204
CDKXQ,Claims-Adj SIU Invstgr-Sr Cons II,WESTERN FRONTIER SIU - AZ C (52171263),CLAIMS GREAT LAKES-NORTHEAST,SIU CSA ,132933
CFDXV,Claims-Adj TPLC Rep-Sr Cons I,CSA NW OR CAS MCO (52170727),OREGON CASUALTY,Northwest CSA ,773815
HDAVJ,Claims-Adj TPLC Rep-Cons I,NE Casualty Unit D (52113220),NORTHEAST CASUALTY,Northeast CSA ,787654
CGXNG,Claims-Adj TPLC Rep-Sr Cons II,CASUALTY REPRESENTED (52165205),ARIZONA CASUALTY,Southwest CSA ,777142
CG2MP,Claims-Adj TPLC Rep-Sr Cons I,CSA TX TEJAS MULTI 1 (52169468),TEJAS,Texas CSA ,64481
CD0FL,Claims-Adj SIU Invstgr-Cons II,CSA SIU NEW JERSEY PIP (52115648),CLAIMS METRO EAST SIU,SIU CSA ,12527
BHERS,Claims-Adj SIU Invstgr-Anlst III,CSA SIU PACWEST MULTI 1 (52115596),CLAIMS PACWEST - NORTHWEST,SIU CSA ,779577
MHEW9,Claims-Adj FPC PIP MP-Cons I,CSA NC MI PIP EXTEND/CAT (52171614),MICHIGAN PIP MCO,North Central CSA ,772546
CJQ9Z,Claims-Adj TPLC Rep-Cons II,CSA TX DFW CAS REP 8 (52167669),DFW CASUALTY,Texas CSA ,65223
WHICM,Claims-Adj FPC PIP MP-Anlst II,MED CENTRAL HOUSTON WA (52167861),MED CENTRAL HOUSTON,Med Central CSA ,66200
C041583,Claims-Adj Cmcl Rep-Sr Cons I,LITIGATION (52172485),SIU CSA ,#N/A,32337
CLH99,Claims-Adj FPC PIP MP-Anlst II,CSA MEDPAY H (52167790),MED CENTRAL BIRMINGHAM,Med Central CSA ,783395
NHILS,Claims-Adj FPC PIP MP-Sr Cons I,CSA NC MI PIP CAT PIP 1 (52167849),MICHIGAN PIP MCO,North Central CSA ,772538
CH9BX,Claims-Adj TPLC Rep-Sr Cons II,CSA SE Alabama Auto 11 (52158091),ALABAMA MCO,Southeast CSA ,51058
CK20H,Claims-Adj TPLC Rep-Cons II,CSA WS AZ CASUALTY LITIGATION (52154210),ARIZONA CASUALTY,Southwest CSA ,54294
DHINM,Claims-Adj TPLC Rep-Anlst III,CSA NY HAUPPAUGE MCO 3 CASUALTY REPPED (52168104),HAUPPAUGE,New York CSA ,778863
HHINT,Claims-Adj TPLC Rep-Cons I,CSA NA KY/MS CASUALTY MCO - REP 1 (52163052),KENTUCKY MISSISSIPPI AUTO MCO,Southern CSA ,778782
ACORB,Claims-Adj TPLC Unrep-Anlst II,CSA FL TAMPA BAY CASUALTY W UNIT (52114545),TAMPA BAY CASUALTY,Florida CSA ,52158
THOEN,Claims-Adj TPLC Rep-Cons II,CSA TX DFW CAS REP 2 (52161480),DFW CASUALTY,Texas CSA ,775714
CJBVV,Claims-Adj Cmcl Rep-Sr Cons I,LITIGATION (52172485),SIU CSA ,#N/A,30862
CDDJX,Claims-Adj TPLC Rep-Sr Cons II,CSA NE HARRISBURG CAS REP 2 (52113238),HARRISBURG MCO,Northeast CSA ,30150
CDQ7D,Claims-Adj FPC PIP MP-Sr Cons I,CSA NY Brooklyn Metro MCO 2 NO-FAULT 5 (52000903),BROOKLYN METRO MCO,New York CSA ,759347
HHOLO,Claims-Adj FPC PIP MP-Anlst II,CSA NY Islandia MCO 5 NO FAULT 6 (52164469),ISLANDIA,New York CSA ,768568
CHH25,Claims-Adj SIU Invstgr-Cons II,CLAIMS SIU ADLER (52130840),CLAIMS SOUTHEAST COAST,SIU CSA ,52939
C041340,Claims-Adj TPLC Rep-Sr Cons I,CSA NA LOUISIANA CAS/LIAB MCO UM/UIM (52113775),LOUISIANA CASUALTY/LIABILITY,Southern CSA ,47239
CG8QB,Claims-Adj TPLC Rep-Cons II,CSA TX DFW CAS REP 8 (52167669),DFW CASUALTY,Texas CSA ,781308
BHORN,Claims-Adj SIU Invstgr-Cons II,CSA SIU MASSARELLA (52133228),CLAIMS SOUTHEAST COAST,SIU CSA ,46959
CHORB,Claims-Adj TPLC Rep-Cons I,HARRISBURG MCO (52169471),HARRISBURG MCO,Northeast CSA ,12804
CKLDW,Claims-Adj TPLC Rep-Sr Cons I,CSA NY Hauppauge MCO 3 CASUALTY REP UNIT (52112920),HAUPPAUGE,New York CSA ,775180
CDT0L,Claims-Adj TPLC Rep-Sr Cons II,CSA TX DFW CAS REP 10 (52169648),DFW CASUALTY,Texas CSA ,56681
PVAND,Claims-Adj SIU Invstgr-Cons II,CLAIMS GL NE SIU ENC WILLSON (52129609),CLAIMS WESTERN FRONTIER,SIU CSA ,156496
JHUBG,Claims-Adj FPC PIP MP-Anlst III,CSA NC MI PIP MED SPECIALTY (52115763),MICHIGAN PIP MCO,North Central CSA ,772437
CDQ8H,Claims-Adj TPLC Rep-Sr Cons II,CSA NY Hauppauge MCO 3 CASUATY REP UNIT (52112932),HAUPPAUGE,New York CSA ,24946
CDK4V,Claims-Adj TPLC Rep-Sr Cons I,CSA NW OR CAS REP 4 (52139354),OREGON CASUALTY,Northwest CSA ,114603
CLFOP,Claims-Adj TPLC Unrep-Cons I,CSA WS UTAH MULTI CAS UNREP 1 (52115455),UTAH,Southwest CSA ,781914
MIBAV,Claims-Adj FPC PIP MP-Anlst II,MED CENTRAL HOUSTON (52170764),MED CENTRAL HOUSTON,Med Central CSA ,778150
VINTH,Claims-Adj FPC PIP MP-Cons I,FL PIP CENTRAL - PROFFITT (52143190),FLORIDA PIP CENTRAL,Florida CSA ,52286
CDK56,Claims-Adj TPLC Rep-Sr Cons II,CSA WS UTAH MULTI REP UM/UIM (52160501),UTAH,Southwest CSA ,159512
CFT65,Claims-Adj FPC PIP MP-Cons II,CSA MEDPAY A (52171061),MED CENTRAL BIRMINGHAM,Med Central CSA ,43902
JJAAJ,Claims-Adj FPC PIP MP-Cons I,MED CENTRAL HOUSTON SPEC (52165651),MED CENTRAL HOUSTON,Med Central CSA ,62192
CGSCC,Claims-Adj TPLC Rep-Cons II,CSA WS NV MULTI LITIGATION (52136782),NEVADA MCO,Southwest CSA ,773653
CFKFW,Claims-Adj FPC PIP MP-Sr Cons I,CSA NY Islandia MCO 5 NO FAULT 1 (52129204),ISLANDIA,New York CSA ,758465
AJANQ,Claims-Adj FPC PIP MP-Anlst I,FL PIP CENTRAL - SILVA (52159075),FLORIDA PIP CENTRAL,Florida CSA ,54121
WJANV,Claims-Adj TPLC Rep-Anlst III,CSA TX DFW CAS REP 2 (52161480),DFW CASUALTY,Texas CSA ,764883
NJENM,Claims-Adj FPC PIP MP-Anlst I,BROOKLYN METRO MCO 2 NO-FAULT (52170737),BROOKLYN METRO MCO,New York CSA ,768057
CGQ31,Claims-Adj TPLC Rep-Cons I,CSA NE HARRISBURG CAS REP 2 (52113238),HARRISBURG MCO,Northeast CSA ,22640
CLSMR,Claims-Adj TPLC Rep-Cons II,CSA SE ATLANTA METRO CAS REP 4 (52165209),ATLANTA AUTO,Southeast CSA ,44987
JJOIM,Claims-Adj FPC PIP MP-Anlst II,CSA NC MI PIP LIMITED CARE/MSU (52172855),MICHIGAN PIP MCO,North Central CSA ,772169
CHR2Z,Claims-Adj TPLC Rep-Sr Cons I,CSA WS NV MULTI CAS REP (52136779),NEVADA MCO,Southwest CSA ,151772
CHM1N,Claims-Adj TPLC Rep-Cons II,CSA WS UTAH MULTI UNREP UM/UIM (52160502),UTAH,Southwest CSA ,159109
CGC5K,Claims-Adj TPLC Unrep-Cons II,CSA SE ATLANTA METRO CAS UM (52132027),ATLANTA AUTO,Southeast CSA ,45750
VJOHS,Claims-Adj TPLC Rep-Cons II,CSA TX HOUSTON SPECIALTY CAS REP 3 (52163032),HOUSTON SPECIALTY,Texas CSA ,776741
CDXMP,Claims-Adj TPLC Unrep-Sr Cons II,CSA NE CT CAS CAS UNREP 3 (52120375),CONNECTICUT CASUALTY,Northeast CSA ,12747
SJOOE,Claims-Adj TPLC Rep-Anlst III,CSA NY Brooklyn Metro MCO 2 CASUATY REP (52001089),BROOKLYN METRO MCO,New York CSA ,765732
TSEAC,Claims-Adj FPC PIP MP-Anlst II,MED CENTRAL HOUSTON (52170826),MED CENTRAL HOUSTON,Med Central CSA ,66203
CHQ7K,Claims-Adj TPLC Unrep-Cons I,CSA WC KC CAS UNREP 1 (52115107),KANSAS CITY CASUALTY,West Central CSA ,45824
CK4F7,Claims-Adj Cmcl Rep-Sr Cons II,LITIGATION (52172485),SIU CSA ,#N/A,778107
LJOYC,Claims-Adj FPC PIP MP-Anlst II,MED CENTRAL HOUSTON (52170826),MED CENTRAL HOUSTON,Med Central CSA ,66204
EJUCK,Claims-Adj SIU Invstgr-Cons II,CLAIMS GL NE SIU MI PIP O (52170688),CLAIMS GREAT LAKES-NORTHEAST,SIU CSA ,125488
DJUSI,Claims-Adj FPC PIP MP-Anlst I,CSA NY ISLANDIA MCO 5 NO FAULT 4 (52113121),ISLANDIA,New York CSA ,772148
CKZ2V,Claims-Adj TPLC Rep-Sr Cons I,CSA WS OK MULTI CAS REPRESENTED (52163150),OKLAHOMA,Southwest CSA ,64893
CJ2LT,Claims-Adj FPC PIP MP-Cons II,CSA NY Islandia MCO 5 NO FAULT 6 (52164469),ISLANDIA,New York CSA ,759262
TKARA,Claims-Adj FPC PIP MP-Cons II,CSA NY Brooklyn Metro MCO 2 NO-FAULT 5 (52000903),BROOKLYN METRO MCO,New York CSA ,760952
CGWM8,Claims-Adj SIU Invstgr-Cons II,CSA SIU NEW JERSEY CASUALTY 1 (52115586),CLAIMS METRO EAST SIU,SIU CSA ,12534
TKEMP,Claims-Adj FPC PIP MP-Anlst I,CSA MEDPAY F (52171062),MED CENTRAL BIRMINGHAM,Med Central CSA ,762776
CHP45,Claims-Adj FPC PIP MP-Sr Cons I,CSA NY Islandia MCO 5 NO FAULT 2 (52113120),ISLANDIA,New York CSA ,759247
TKHAZ,Claims-Adj FPC PIP MP-Anlst I,CSA NY ISLANDIA MCO 5 NO FAULT 4 (52113121),ISLANDIA,New York CSA ,779864
SKIN0,Claims-Adj FPC PIP MP-Anlst II,MED CENTRAL HOUSTON SPEC (52165651),MED CENTRAL HOUSTON,Med Central CSA ,776725
CGT85,Claims-Adj FPC PIP MP-Cons II,CSA NC MI PIP EXTEND/CAT (52171614),MICHIGAN PIP MCO,North Central CSA ,74906
CDJNR,Claims-Adj TPLC Rep-Sr Cons I,csa nw or cas rep 5 (52159629),OREGON CASUALTY,Northwest CSA ,150104
CKP3L,Claims-Adj TPLC Rep-Cons II,CSA NY Nassau Casualty MCO Cas. UR 1 (52113770),NASSAU CASUALTY MCO,New York CSA ,12896
RKOSA,Claims-Adj SIU Invstgr-Cons I,CSA SIU MASSARELLA (52133228),CLAIMS SOUTHEAST COAST,SIU CSA ,717938
CDFQ4,Claims-Adj TPLC Rep-Sr Cons II,CSA NE PITTSBURGH CAS REP 1 (52114069),PITTSBURGH,Northeast CSA ,29554
CDS53,Claims-Adj FPC PIP MP-Sr Cons II,CSA NC MI PIP CAT PIP 1 (52167849),MICHIGAN PIP MCO,North Central CSA ,772537
CKNYS,Claims-Adj TPLC Rep-Cons II,CASUALTY REPRESENTED (52165205),ARIZONA CASUALTY,Southwest CSA ,767918
SKURV,Claims-Adj FPC PIP MP-Sr Cons I,CSA NC MI PIP ADMIN (52171680),MICHIGAN PIP MCO,North Central CSA ,772332
OKUTN,Claims-Adj SIU Invstgr-Cons II,CSA SIU NY PROVIDER UNIT (52115761),CLAIMS METRO EAST SIU,SIU CSA ,759851
CK3L8,Claims-Adj TPLC Rep-Sr Cons I,CSA NA TENNESSEE AUTO MCO CAS REP (52113527),SOUTHERN AUTO MCO,Southern CSA ,65290
AKWAS,Claims-Adj FPC PIP MP-Anlst I,FL PIP CENTRAL - TOWNSEND (52143187),FLORIDA PIP CENTRAL,Florida CSA ,52258
CJ10P,Claims-Adj TPLC Rep-Cons II,CSA TX HOUSTON SPECIALTY CAS REP 6 (52163009),HOUSTON SPECIALTY,Texas CSA ,65147
CDS6G,Claims-Adj FPC PIP MP-Cons II,CSA NC MI PIP CAT PIP 2 (52168862),MICHIGAN PIP MCO,North Central CSA ,772522
JLAMP,Claims-Adj TPLC Rep-Anlst III,CSA NY WESTERN NY CASUALTY M (52165776),WESTERN NY MCO,New York CSA ,784262
CG2MV,Claims-Adj TPLC Rep-Sr Cons II,CSA SE ATLANTA METRO CAS UM (52132027),ATLANTA AUTO,Southeast CSA ,44727
CDRHL,Claims-Adj FPC PIP MP-Cons II,CSA NY Islandia MCO 5 NO FAULT 2 (52113120),ISLANDIA,New York CSA ,759255
CD0BK,Claims-Adj TPLC Rep-Sr Cons II,CSA NJ BWC UM/UIM (52114862),CLAIMS METRO EAST SIU,SIU CSA ,12586
KLAYM,Claims-Adj TPLC Rep-Cons II,CSA TX DFW CAS REP 5 (52171527),DFW CASUALTY,Texas CSA ,66135
CH1RJ,Claims-Adj SIU Invstgr-Sr Cons I,CSA SIU MASSARELLA (52133228),CLAIMS SOUTHEAST COAST,SIU CSA ,766800
R0SLEEL,Claims-Adj SIU Invstgr-Sr Cons II,CLAIMS GL NE SIU ENC A P C (52170686),CLAIMS METRO EAST SIU,SIU CSA ,763563
CJ217,Claims-Adj TPLC Unrep-Sr Cons I,HOUSTON MCO MCO UNREP N (52167746),HOUSTON,Texas CSA ,784622
CH9YF,Claims-Adj TPLC Rep-Cons II,CSA TX HOUSTON SPECIALTY CAS REP 3 (52163032),HOUSTON SPECIALTY,Texas CSA ,57456
C60853,Claims-Adj Enc PIP MP-Sr Cons I,CSA ENCOMPASS NJ PIP (52165433),Encompass Centralized PIP/MED PAY,Encompass CSA ,12362
CDRJW,Claims-Adj TPLC Rep-Sr Cons II,CSA NY ROCKLAND MCO 9 CASUALTY REP 1 (52163364),ROCKLAND,New York CSA ,780139
CDCCN,Claims-Adj TPLC Rep-Sr Cons I,FL CSA SOUTH FLORIDA CASUALTY REPR 1 (52114536),SOUTH FLORIDA CASUALTY,Florida CSA ,29088
R0JLIG2,Claims-Adj SIU Invstgr-Sr Cons II,CLAIMS GL NE SIU ENC A P C (52170686),CLAIMS METRO EAST SIU,SIU CSA ,12515
LLIAA,Claims-Adj FPC PIP MP-Anlst II,FL PIP CENTRAL - KEYS (52149080),FLORIDA PIP CENTRAL,Florida CSA ,778884
CDRJ1,Claims-Adj TPLC Rep-Cons II,CSA NY Beacon MCO 7 CASUALTY REP 2 (52000793),BEACON,New York CSA ,12686
CDFTY,Claims-Adj TPLC Rep-Sr Cons II,CSA CAP ROANOKE MCO CAS UM/UIM (52106210),ROANOKE,Capital CSA ,31319
CFN8D,Claims-Adj TPLC Unrep-Sr Cons I,NE Casualty Unit D (52113220),NORTHEAST CASUALTY,Northeast CSA ,213962
CLIUB,Claims-Adj FPC PIP MP-Anlst II,CSA NY Islandia MCO 5 NO FAULT 1 (52129204),ISLANDIA,New York CSA ,760874
ALIVK,Claims-Adj TPLC Rep-Anlst III,CSA NY WESTERN NY CASUALTY M (52165776),WESTERN NY MCO,New York CSA ,784255
JLLAN,Claims-Adj TPLC Rep-Cons II,CSA FL ORLANDO CASUALTY REPR 2 (52170672),ORLANDO,Florida CSA ,52545
DLOCN,Claims-Adj SIU Invstgr-Cons I,CSA SIU PACWEST MULTI 1 (52115596),CLAIMS PACWEST - NORTHWEST,SIU CSA ,136922
JLOFW,Claims-Adj FPC PIP MP-Anlst II,MED CENTRAL HOUSTON (52170764),MED CENTRAL HOUSTON,Med Central CSA ,778148
CHJJ4,Claims-Adj TPLC Unrep-Cons II,CPL/COVERAGE (52171125),ARIZONA CASUALTY,Southwest CSA ,786039
ALONL,Claims-Adj TPLC Rep-Cons II,CSA WS OK MULTI CAS REPRESENTED (52163150),OKLAHOMA,Southwest CSA ,65259
CDVW1,Claims-Adj TPLC Rep-Sr Cons II,CASUALTY REPRESENTED (52165205),ARIZONA CASUALTY,Southwest CSA ,113876
DLOTZ,Claims-Adj TPLC Unrep-Anlst III,CSA NJ Monmouth Casualty Unit 1 (52114803),MONMOUTH,Allstate New Jersey CSA ,28597
CF9PP,Claims-Adj TPLC Rep-Sr Cons I,CSA NJ Monmouth Casualty Unit 3 (52122199),MONMOUTH,Allstate New Jersey CSA ,12334
HLUCA,Claims-Adj FPC PIP MP-Cons I,CSA MEDPAY F (52171062),MED CENTRAL BIRMINGHAM,Med Central CSA ,44669
DLUCN,Claims-Adj Cmcl Rep-Sr Cons I,LITIGATION (52172485),SIU CSA ,#N/A,778774
CK34M,Claims-Adj TPLC Rep-Sr Cons I,CSA TX TEJAS MULTI 3 (52166615),TEJAS,Texas CSA ,57325
CLUIS,Claims-Adj TPLC Rep-Anlst III,CSA NY Brooklyn Metro MCO 2 CASUALTY REP (52000893),BROOKLYN METRO MCO,New York CSA ,758419
ALYNA,Claims-Adj TPLC Rep-Cons II,CSA NY Nassau Casualty MCO Cas. UR 1 (52113770),NASSAU CASUALTY MCO,New York CSA ,778604
JLYOR,Claims-Adj FPC PIP MP-Anlst II,CSA MEDPAY M (52161039),MED CENTRAL BIRMINGHAM,Med Central CSA ,786713
CLHJ7,Claims-Adj FPC PIP MP-Cons II,CSA NY Islandia MCO 5 NO FAULT 8 (52113233),ISLANDIA,New York CSA ,759240
CD50G,Claims-Adj TPLC Rep-Sr Cons II,CSA NJ MOORESTOWN REP 2 (52114794),MOORESTOWN,Allstate New Jersey CSA ,32150
PMAGC,Claims-Adj TPLC Rep-Sr Cons I,CSA TX TEJAS MULTI 7 (52113435),TEJAS,Texas CSA ,65979
CHD5M,Claims-Adj TPLC Rep-Sr Cons II,CASUALTY REP UNIT (52172336),MOORESTOWN,Allstate New Jersey CSA ,12381
CGD9C,Claims-Adj TPLC Rep-Sr Cons II,CSA NJ MOORESTOWN REP 2 (52114794),MOORESTOWN,Allstate New Jersey CSA ,12492
C381126,Claims-Adj Enc Cas-Cons II,CSA CR ADMIN CAS AUTO LIABILITY FPE 1 (52103156),Atlanta,Encompass CSA ,43974
CDQKP,Claims-Adj FPC PIP MP-Sr Cons I,CSA NY Islandia MCO 5 NO FAULT 2 (52113120),ISLANDIA,New York CSA ,759235
AMY99,Claims-Adj FPC PIP MP-Anlst III,CSA NY Islandia MCO 5 NO FAULT 1 (52129204),ISLANDIA,New York CSA ,758478
WMAND,Claims-Adj TPLC Rep-Anlst III,CSA NY WESTERN NY CASUALTY K (52173298),WESTERN NY MCO,New York CSA ,784243
MMAN6,Claims-Adj Enc PIP MP-Cons II,UNIT 4 (52168994),Encompass Centralized PIP/MED PAY,Encompass CSA ,773253
KMAOB,Claims-Adj TPLC Rep-Cons II,CSA TX TEJAS MULTI 4 (52167781),TEJAS,Texas CSA ,765310
NMAN0,Claims-Adj FPC PIP MP-Anlst II,CSA NY Islandia MCO 5 NO FAULT 8 (52113233),ISLANDIA,New York CSA ,759264
CLCRL,Claims-Adj FPC PIP MP-Cons I,FL PIP CENTRAL - SILVA (52159075),FLORIDA PIP CENTRAL,Florida CSA ,52288
CMAAH,Claims-Adj TPLC Rep-Cons I,CSA NA TENNESSEE AUTO MCO CAS REP (52113527),SOUTHERN AUTO MCO,Southern CSA ,43765
MM299,Claims-Adj TPLC Rep-Anlst III,CSA NY Brooklyn Metro MCO 2 CASUALTY REP (52000893),BROOKLYN METRO MCO,New York CSA ,759304
JPICC,Claims-Adj TPLC Rep-Sr Cons I,CSA NJ MOORESTOWN REP 2 (52114794),MOORESTOWN,Allstate New Jersey CSA ,22784
CD3ZN,Claims-Adj TPLC Unrep-Cons II,CSA WC KC CAS UNREP 1 (52115107),KANSAS CITY CASUALTY,West Central CSA ,158645
HMATA,Claims-Adj TPLC Rep-Cons I,CSA TX TEJAS MULTI 12 (52167780),TEJAS,Texas CSA ,787830
CD50B,Claims-Adj SIU Invstgr-Cons II,CLAIMS GL NE SIU PA OH D (52170712),PENNSYLVANIA AUTO MCO,Northeast CSA ,121721
CD0YS,Claims-Adj SIU Invstgr-Sr Cons II,CSA SIU METRO EAST SIU (52170957),CLAIMS METRO EAST SIU,SIU CSA ,12570
TKEEC,Claims-Adj Enc Cas-Cons I,CSA ENCOMPASS NY CASUALTY (52102628),Glens Falls,Encompass CSA ,777116
CGF5Q,Claims-Adj TPLC Rep-Sr Cons II,CSA NJ BWC UM/UIM (52114862),CLAIMS METRO EAST SIU,SIU CSA ,12860
KMAUB,Claims-Adj TPLC Rep-Anlst III,CSA NY WESTERN NY CASUALTY K (52173298),WESTERN NY MCO,New York CSA ,26337
CLCB8,Claims-Adj TPLC Rep-Cons I,AL MCO AUTO 2 (52173410),ALABAMA MCO,Southeast CSA ,48764
CLNPC,Claims-Adj FPC PIP MP-Anlst III,CSA MEDPAY Y (52151576),MED CENTRAL BIRMINGHAM,Med Central CSA ,213004
MMCCS,Claims-Adj TPLC Rep-Cons II,CSA NW OR CAS MCO (52170727),OREGON CASUALTY,Northwest CSA ,781187
TMCCY,Claims-Adj FPC PIP MP-Cons II,CSA NY Islandia MCO 5 NO FAULT 1 (52129204),ISLANDIA,New York CSA ,758993
CDGTS,Claims-Adj TPLC Rep-Sr Cons II,CSA NE WILLOW GROVE CAS REP 1 (52134276),PENNSYLVANIA AUTO MCO,Northeast CSA ,17637
CH8CF,Claims-Adj TPLC Unrep-Sr Cons I,CSA TX TEJAS MULTI 2 (52119273),TEJAS,Texas CSA ,64681
KMCDS,Claims-Adj TPLC Unrep-Anlst II,HOUSTON MCO MCO UNREP N (52167746),HOUSTON,Texas CSA ,788263
C471175,Claims-Adj Enc Cas-Cons II,CSA ENCOMPASS READING FPL10 (52133782),Mid-Atlantic,Encompass CSA ,22669
CKVM4,Claims-Adj TPLC Rep-Sr Cons I,CSA TX DFW CAS REP 9 (52167670),DFW CASUALTY,Texas CSA ,64712
MMCAC,Claims-Adj FPC PIP MP-Anlst III,CSA MEDPAY Y (52151576),MED CENTRAL BIRMINGHAM,Med Central CSA ,80524
JMCG7,Claims-Adj Enc Cas-Sr Cons I,CSA ENCOMPASS WOODRIDGE CASUALTY II (52166846),Woodridge,Encompass CSA ,788319
CLDR3,Claims-Adj TPLC Rep-Cons II,AL MCO AUTO 2 (52173410),ALABAMA MCO,Southeast CSA ,770634
DMCKW,Claims-Adj FPC PIP MP-Anlst II,CSA NY Brooklyn Metro MCO 2 No Fault (52143892),BROOKLYN METRO MCO,New York CSA ,762672
JMCMG,Claims-Adj TPLC Rep-Anlst III,CSA NY WESTERN NY CASUALTY T (52173148),WESTERN NY MCO,New York CSA ,784263
MMCPH,Claims-Adj FPC PIP MP-Anlst III,MED CENTRAL HOUSTON (52170826),MED CENTRAL HOUSTON,Med Central CSA ,44556
CGZN8,Claims-Adj SIU Invstgr-Sr Cons I,CSA SIU PACWEST MULTI 1 (52115596),CLAIMS PACWEST - NORTHWEST,SIU CSA ,776470
CHCCP,Claims-Adj TPLC Rep-Sr Cons I,CSA NW WA CAS REP 11 (52154476),WESTERN WA CASUALTY,Northwest CSA ,775855
CD010,Claims-Adj TPLC Rep-Sr Cons I,CSA NJ MOORESTOWN REP 2 (52114794),MOORESTOWN,Allstate New Jersey CSA ,12595
DDAMB,Claims-Adj FPC PIP MP-Anlst II,CSA NY Islandia MCO 5 NO FAULT 2 (52113120),ISLANDIA,New York CSA ,770932
EMEMA,Claims-Adj FPC PIP MP-Anlst I,CSA NY BROOKLYN METRO MCO 2 NO FAULT (52166763),BROOKLYN METRO MCO,New York CSA ,772632
CDF0F,Claims-Adj TPLC Rep-Sr Cons II,CSA NE HARRISBURG CAS REP 2 (52113238),HARRISBURG MCO,Northeast CSA ,14978
AMEZB,Claims-Adj TPLC Rep-Cons II,CSA NW WA CAS REP 11 (52154476),WESTERN WA CASUALTY,Northwest CSA ,777535
CLPDD,Claims-Adj SIU Invstgr-Cons II,CLAIMS GL NE SIU MI C (52140608),CLAIMS GREAT LAKES-NORTHEAST,SIU CSA ,133791
CHWQ0,Claims-Adj SIU Invstgr-Sr Cons I,CSA SIU BARNSWELL (52160168),CLAIMS SOUTHEAST COAST,SIU CSA ,717943
RMILN,Claims-Adj FPC PIP MP-Cons I,CSA NC MI PIP CAT PIP 1 (52167849),MICHIGAN PIP MCO,North Central CSA ,772393
CJ6Q4,Claims-Adj FPC PIP MP-Cons I,FL PIP CENTRAL - PROFFITT (52143190),FLORIDA PIP CENTRAL,Florida CSA ,52194
CHJ8C,Claims-Adj TPLC Rep-Sr Cons I,CASUALTY REPRESENTED (52165205),ARIZONA CASUALTY,Southwest CSA ,773478
CKK04,Claims-Adj FPC PIP MP-Anlst III,CSA NY Brooklyn Metro MCO 2 No Fault (52143892),BROOKLYN METRO MCO,New York CSA ,759305
LRAAA,Claims-Adj FPC PIP MP-Cons II,CSA NY Islandia MCO 5 NO FAULT 2 (52113120),ISLANDIA,New York CSA ,758467
CJ2Z7,Claims-Adj TPLC Unrep-Cons II,HOUSTON MCO MCO UNREP N (52167746),HOUSTON,Texas CSA ,771807
SMITE,Claims-Adj TPLC Rep-Cons I,CSA SE ATLANTA METRO CAS REP 7 (52158583),ATLANTA AUTO,Southeast CSA ,786584
CLLQD,Claims-Adj FPC PIP MP-Anlst III,CSA MEDPAY E (52140680),MED CENTRAL BIRMINGHAM,Med Central CSA ,44545
CF3WB,Claims-Adj FPC PIP MP-Anlst III,MED CENTRAL HOUSTON WEST (52164750),MED CENTRAL HOUSTON,Med Central CSA ,66208
AMONL,Claims-Adj TPLC Rep-Cons I,CSA TX DFW CAS REP 3 (52166942),DFW CASUALTY,Texas CSA ,781259
KMOAD,Claims-Adj FPC PIP MP-Anlst III,CSA MEDPAY SPECIALTY (52169024),MED CENTRAL BIRMINGHAM,Med Central CSA ,43969
CDRV5,Claims-Adj TPLC Rep-Sr Cons II,CSA NY Hauppauge MCO 3 CASUALTY UNREP (52112935),HAUPPAUGE,New York CSA ,12889
CDARB,Claims-Adj FPC PIP MP-Anlst III,MED CENTRAL HOUSTON PA (52160460),MED CENTRAL HOUSTON,Med Central CSA ,62209
EMORT,Claims-Adj FPC PIP MP-Anlst II,CSA NY ISLANDIA MCO 5 NO FAULT 4 (52113121),ISLANDIA,New York CSA ,759243
HMORT,Claims-Adj TPLC Unrep-Anlst II,Roanoke MCO Casualty Unrep (52157725),ROANOKE,Capital CSA ,778483
WMORT,Claims-Adj FPC PIP MP-Anlst II,MED CENTRAL HOUSTON (52170764),MED CENTRAL HOUSTON,Med Central CSA ,66209
BMOTT,Claims-Adj TPLC Unrep-Cons I,CSA WS NV MULTI (52168629),NEVADA MCO,Southwest CSA ,161252
SMOTV,Claims-Adj TPLC Rep-Anlst III,CSA NY Nassau Casualty MCO Cas. Rep 4 (52001070),NASSAU CASUALTY MCO,New York CSA ,777679
CK4DF,Claims-Adj TPLC Rep-Cons II,CSA WS NV MULTI CAS REP (52136779),NEVADA MCO,Southwest CSA ,151406
ACB5K,Claims-Adj FPC PIP MP-Sr Cons I,CSA NY Islandia MCO 5 NO FAULT 1 (52129204),ISLANDIA,New York CSA ,758480
AMENF,Claims-Adj TPLC Rep-Sr Cons I,CSA TX TEJAS MULTI 4 (52167781),TEJAS,Texas CSA ,64676
WMURD,Claims-Adj Cmcl Rep-Sr Cons I,LITIGATION (52172485),SIU CSA ,#N/A,31985
CMUR6,Claims-Adj FPC PIP MP-Anlst II,MED CENTRAL HOUSTON (52170764),MED CENTRAL HOUSTON,Med Central CSA ,789278
CMUAD,Claims-Adj FPC PIP MP-Anlst II,MED CENTRAL HOUSTON SPEC (52165651),MED CENTRAL HOUSTON,Med Central CSA ,82087
MNANO,Claims-Adj FPC PIP MP-Anlst II,MED CENTRAL HOUSTON CMOUNT (52163675),MED CENTRAL HOUSTON,Med Central CSA ,772227
CD1HJ,Claims-Adj TPLC Rep-Sr Cons II,CSA NJ Monmouth Casualty Unit 3 (52122199),MONMOUTH,Allstate New Jersey CSA ,12345
BNARW,Claims-Adj TPLC Rep-Anlst III,CSA NY Brooklyn Metro MCO 2 CASUATY REP (52001089),BROOKLYN METRO MCO,New York CSA ,767899
CDMM1,Claims-Adj TPLC Unrep-Cons II,CSA WS UTAH MULTI UNREP UM/UIM (52160502),UTAH,Southwest CSA ,778317
CKVZW,Claims-Adj FPC PIP MP-Anlst I,FL PIP CENTRAL - KEYS (52149080),FLORIDA PIP CENTRAL,Florida CSA ,764984
CGW3P,Claims-Adj FPC PIP MP-Anlst II,MED CENTRAL HOUSTON (52170826),MED CENTRAL HOUSTON,Med Central CSA ,66212
QNGUY,Claims-Adj TPLC Unrep-Anlst III,HOUSTON MCO UNREP K (52167359),HOUSTON,Texas CSA ,62197
DNICG,Claims-Adj TPLC Unrep-Anlst II,CSA SE ATLANTA METRO CAS UNREP 3 (52131943),ATLANTA AUTO,Southeast CSA ,154336
CFDD8,Claims-Adj FPC PIP MP-Sr Cons I,CSA NY Brooklyn Metro MCO 2 NO-FAULT 5 (52000903),BROOKLYN METRO MCO,New York CSA ,758398
BGUER,Claims-Adj TPLC Rep-Anlst III,CSA NY Beacon MCO 7 CASUALTY REP 2 (52000793),BEACON,New York CSA ,30359
BNOIB,Claims-Adj FPC PIP MP-Anlst II,CSA NY Brooklyn Metro MCO 2 NO-FAULT 5 (52000903),BROOKLYN METRO MCO,New York CSA ,762643
C508081,Claims-Adj SIU Invstgr-Cons I,CLAIMS GL NE SIU ENC WILLSON (52129609),CLAIMS WESTERN FRONTIER,SIU CSA ,65090
CHV5T,Claims-Adj TPLC Rep-Cons I,CSA WS UTAH MULTI CAS REP (52115617),UTAH,Southwest CSA ,778315
ANYEA,Claims-Adj FPC PIP MP-Anlst II,FL PIP CENTRAL - TOWNSEND (52143187),FLORIDA PIP CENTRAL,Florida CSA ,52175
MOBRM,Claims-Adj TPLC Rep-Anlst III,CSA NY Brooklyn Metro MCO 2 CASUATY REP (52001089),BROOKLYN METRO MCO,New York CSA ,772550
CJTSF,Claims-Adj TPLC Rep-Sr Cons I,CSA KC CAS LIT 2 (52169212),KANSAS CITY CASUALTY,West Central CSA ,787817
TOKEL,Claims-Adj TPLC Unrep-Sr Cons I,CSA TX TEJAS MULTI 2 (52119273),TEJAS,Texas CSA ,781339
SONOR,Claims-Adj Enc PIP MP-Anlst III,CSA ENCOMPASS NJ PIP (52165433),Encompass Centralized PIP/MED PAY,Encompass CSA ,772752
MORLA,Claims-Adj SIU Invstgr-Cons II,CSA SIU MID AMERICA UK2 (52124712),CLAIMS CAPITAL-NASHVILLE SIU,SIU CSA ,773002
JORMO,Claims-Adj FPC PIP MP-Sr Cons I,CSA NC MI PIP EXTEND/CAT (52171614),MICHIGAN PIP MCO,North Central CSA ,772548
AORTF,Claims-Adj TPLC Unrep-Cons I,CSA WC COLORADO CAS UNREP 3 (52167588),COLORADO CASUALTY,West Central CSA ,780604
CJ205,Claims-Adj FPC PIP MP-Sr Cons I,CSA NY ISLANDIA MCO 5 NO FAULT 4 (52113121),ISLANDIA,New York CSA ,758456
CJR27,Claims-Adj SIU Invstgr-Sr Cons I,WESTERN FRONTIER SIU - NOVAK-AUTO/PROP (52171181),CLAIMS WESTERN FRONTIER,SIU CSA ,67178
CDTMN,Claims-Adj TPLC Rep-Cons II,CSA TX HOUSTON SPECIALTY CAS REP 7 (52170580),HOUSTON SPECIALTY,Texas CSA ,785186
CD9MK,Claims-Adj FPC PIP MP-Sr Cons I,CSA NY ISLANDIA MCO 5 NO FAULT 9 (52170622),ISLANDIA,New York CSA ,759241
CJP2R,Claims-Adj TPLC Rep-Cons II,CSA NC MDC BI REPRESENTED (52115780),METRO DETROIT CASUALTY,North Central CSA ,82794
CJ69W,Claims-Adj TPLC Rep-Sr Cons II,CSA NW WA CAS REP 11 (52154476),WESTERN WA CASUALTY,Northwest CSA ,777323
DUSSE,Claims-Adj FPC PIP MP-Anlst II,CSA MEDPAY H (52167790),MED CENTRAL BIRMINGHAM,Med Central CSA ,781337
CDF67,Claims-Adj TPLC Rep-Sr Cons II,CSA NE WILLOW GROVE CAS REP 1 (52134276),PENNSYLVANIA AUTO MCO,Northeast CSA ,775552
CGNQ7,Claims-Adj SIU Invstgr-Sr Cons I,CSA SIU BARNSWELL (52160168),CLAIMS SOUTHEAST COAST,SIU CSA ,717939
KPEEL,Claims-Adj TPLC Rep-Cons I,CSA TX DFW CAS REP 10 (52169648),DFW CASUALTY,Texas CSA ,776521
LPENT,Claims-Adj TPLC Rep-Cons II,CSA TX HOUSTON SPECIALTY CAS REP 9 (52112942),HOUSTON SPECIALTY,Texas CSA ,67778
CD1BS,Claims-Adj TPLC Rep-Cons II,CSA NJ Monmouth Casualty Unit 2 (52128504),MONMOUTH,Allstate New Jersey CSA ,12791
CJP71,Claims-Adj TPLC Rep-Sr Cons I,CSA WC Colorado CAS UNREP1 (52115092),COLORADO CASUALTY,West Central CSA ,780156
CDV9R,Claims-Adj FPC PIP MP-Sr Cons I,MED CENTRAL HOUSTON TASK FORCE (52168906),MED CENTRAL HOUSTON,Med Central CSA ,66213
CDM0M,Claims-Adj TPLC Rep-Cons II,csa nw or cas rep 5 (52159629),OREGON CASUALTY,Northwest CSA ,787529
DPETU,Claims-Adj FPC PIP MP-Anlst III,CSA NY Islandia MCO 5 NO FAULT 2 (52113120),ISLANDIA,New York CSA ,758484
CKV9L,Claims-Adj FPC PIP MP-Cons I,MED CENTRAL HOUSTON TASK FORCE (52168906),MED CENTRAL HOUSTON,Med Central CSA ,66214
NPIAZ,Claims-Adj TPLC Rep-Anlst III,CSA NY Hauppauge MCO 3 CASUATY REP UNIT (52112932),HAUPPAUGE,New York CSA ,786416
CK9FD,Claims-Adj FPC PIP MP-Anlst II,CSA MEDPAY A (52171061),MED CENTRAL BIRMINGHAM,Med Central CSA ,44296
DBIZZ,Claims-Adj FPC PIP MP-Cons I,CSA NY Islandia MCO 5 NO FAULT 8 (52113233),ISLANDIA,New York CSA ,758453
DPLAN,Claims-Adj SIU Invstgr-Cons II,CLAIMS GL NE SIU MI PIP O (52170688),CLAIMS GREAT LAKES-NORTHEAST,SIU CSA ,125078
RPOAB,Claims-Adj TPLC Rep-Anlst III,CSA FL TAMPA BAY CASUALTY J UNIT (52146106),TAMPA BAY CASUALTY,Florida CSA ,52157
CDZVR,Claims-Adj TPLC Rep-Sr Cons II,CSA NJ BWC UM/COMM (52160062),CLAIMS METRO EAST SIU,SIU CSA ,12372
CD1C3,Claims-Adj TPLC Rep-Sr Cons I,CSA NJ BWC UM/COMM (52160062),CLAIMS METRO EAST SIU,SIU CSA ,12324
CHTG6,Claims-Adj TPLC Rep-Sr Cons I,CSA TX TEJAS MULTI 4 (52167781),TEJAS,Texas CSA ,64604
CK830,Claims-Adj TPLC Rep-Cons II,CSA CAP ROANOKE MCO CAS UM/UIM (52106210),ROANOKE,Capital CSA ,778696
SPOPE,Claims-Adj TPLC Rep-Cons I,CSA NA TENNESSEE AUTO MCO CPL (52113524),SOUTHERN AUTO MCO,Southern CSA ,43906
CDAWA,Claims-Adj TPLC Rep-Cons II,CSA TX DFW CAS REP 4 (52113214),DFW CASUALTY,Texas CSA ,773231
CLPFD,Claims-Adj FPC PIP MP-Anlst II,CSA MEDPAY Y (52151576),MED CENTRAL BIRMINGHAM,Med Central CSA ,158850
CFS0D,Claims-Adj TPLC Rep-Sr Cons I,CSA SE ATLANTA METRO CAS REP 1 (52122155),ATLANTA AUTO,Southeast CSA ,47098
ABCD8,Claims-Adj TPLC Rep-Sr Cons I,CSA SE ATLANTA METRO CAS REP 7 (52158583),ATLANTA AUTO,Southeast CSA ,43717
BPRYA,Claims-Adj TPLC Rep-Cons II,CASUALTY REP UNIT (52172336),MOORESTOWN,Allstate New Jersey CSA ,23821
CDF96,Claims-Adj TPLC Rep-Sr Cons II,CSA NE WILLOW GROVE CAS REP 1 (52134276),PENNSYLVANIA AUTO MCO,Northeast CSA ,12867
JRABI,Claims-Adj TPLC Rep-Cons II,CSA MW NORTH UM/UIM REP/TYPE 1 (52168257),CHICAGO NORTH MCO,Midwest CSA ,778664
ABUSW,Claims-Adj FPC PIP MP-Cons I,FL PIP CENTRAL - WILSON (52170928),FLORIDA PIP CENTRAL,Florida CSA ,52289
SRAMV,Claims-Adj FPC PIP MP-Anlst I,CSA MEDPAY S (52164692),MED CENTRAL BIRMINGHAM,Med Central CSA ,787799
CJ56Z,Claims-Adj TPLC Rep-Cons II,CSA TX TEJAS MULTI 12 (52167780),TEJAS,Texas CSA ,788317
KRANA,Claims-Adj FPC PIP MP-Anlst III,CSA MEDPAY Y (52151576),MED CENTRAL BIRMINGHAM,Med Central CSA ,44103
LRANN,Claims-Adj FPC PIP MP-Anlst I,CSA NY Islandia MCO 5 NO FAULT 1 (52129204),ISLANDIA,New York CSA ,764668
CDGZ9,Claims-Adj TPLC Rep-Sr Cons I,CSA FL TAMPA BAY CASUALTY M UNIT (52172786),TAMPA BAY CASUALTY,Florida CSA ,776644
C472318,Claims-Adj SIU Invstgr-Sr Cons I,CLAIMS GL NE SIU ENC WILLSON (52129609),CLAIMS WESTERN FRONTIER,SIU CSA ,132013
CFCNS,Claims-Adj TPLC Rep-Cons II,CSA WS NV MULTI LITIGATION (52136782),NEVADA MCO,Southwest CSA ,786857
CREAA,Claims-Adj TPLC Rep-Sr Cons I,CSA TX WEST TEXAS MULTI 9 (52164697),WEST TEXAS,Texas CSA ,124815
AREDA,Claims-Adj FPC PIP MP-Anlst II,CSA NC MI PIP MED SPECIALTY (52115763),MICHIGAN PIP MCO,North Central CSA ,772434
NREEV,Claims-Adj FPC PIP MP-Anlst II,MED CENTRAL HOUSTON WEST (52164750),MED CENTRAL HOUSTON,Med Central CSA ,779788
CFTB2,Claims-Adj FPC PIP MP-Anlst I,FL PIP CENTRAL - PROFFITT (52143190),FLORIDA PIP CENTRAL,Florida CSA ,52290
CHQZL,Claims-Adj SIU Invstgr-Sr Cons II,CLAIMS GL NE SIU MI C (52140608),CLAIMS GREAT LAKES-NORTHEAST,SIU CSA ,125143
CDSGP,Claims-Adj TPLC Rep-Sr Cons II,CSA NY Nassau Casualty MCO Cas. UR 1 (52113770),NASSAU CASUALTY MCO,New York CSA ,16313
CK24Y,Claims-Adj TPLC Unrep-Sr Cons II,CSA WC KC CAS LITIGATION (52122265),KANSAS CITY CASUALTY,West Central CSA ,157842
HRHOA,Claims-Adj Enc Cas-Cons II,CSA ENCOMPASS WOODRIDGE CASUALTY II (52166846),Woodridge,Encompass CSA ,83135
TRHAA,Claims-Adj TPLC Unrep-Cons II,CSA NE Pittsburgh CAS Unrep 1 (52114071),PITTSBURGH,Northeast CSA ,28710
CJX4N,Claims-Adj TPLC Rep-Sr Cons I,CSA NJ BWC UM/UIM (52114862),CLAIMS METRO EAST SIU,SIU CSA ,26555
TRIC1,Claims-Adj TPLC Rep-Cons II,CSA TX HOUSTON SPECIALTY CAS REP 9 (52112942),HOUSTON SPECIALTY,Texas CSA ,772369
NRINC,Claims-Adj Enc PIP MP-Anlst II,CSA ENCOMPASS NJ 1 (52165435),Encompass Centralized PIP/MED PAY,Encompass CSA ,771779
JRIZZ,Claims-Adj TPLC Unrep-Anlst II,CSA FL ORLANDO GLASS/CPL/PD LIT (52153902),ORLANDO,Florida CSA ,130133
CDNCJ,Claims-Adj TPLC Rep-Sr Cons II,CSA WS UTAH MULTI REP UM/UIM (52160501),UTAH,Southwest CSA ,778311
CLG25,Claims-Adj TPLC Rep-Cons II,CSA FL TAMPA BAY CASUALTY J UNIT (52146106),TAMPA BAY CASUALTY,Florida CSA ,775884
CJ7HT,Claims-Adj FPC PIP MP-Anlst II,FL PIP CENTRAL - PROFFITT (52143190),FLORIDA PIP CENTRAL,Florida CSA ,52191
MROBQ,Claims-Adj TPLC Rep-Anlst III,CSA NY Hauppauge MCO 3 CASUATY REP UNIT (52112932),HAUPPAUGE,New York CSA ,776940
TROBR,Claims-Adj TPLC Rep-Cons I,CSA SE MACON CASUALTY P-UNIT (52142478),MACON,Southeast CSA ,52728
JROCC,Claims-Adj TPLC Rep-Cons I,CSA NJ MOORESTOWN REP 2 (52114794),MOORESTOWN,Allstate New Jersey CSA ,25664
AROF9,Claims-Adj TPLC Rep-Cons II,CSA TX DFW CAS REP 3 (52166942),DFW CASUALTY,Texas CSA ,768157
CDWGJ,Claims-Adj FPC PIP MP-Cons II,MED CENTRAL HOUSTON (52170764),MED CENTRAL HOUSTON,Med Central CSA ,44057
TRO02,Claims-Adj TPLC Rep-Cons II,CSA WS OK MULTI CAS REPRESENTED (52163150),OKLAHOMA,Southwest CSA ,44686
FRODU,Claims-Adj FPC PIP MP-Anlst III,CSA NC MI PIP LITIGATION (52115779),MICHIGAN PIP MCO,North Central CSA ,767526
BROHR,Claims-Adj SIU Invstgr-Cons II,CSA SIU PACWEST MULTI 1 (52115596),CLAIMS PACWEST - NORTHWEST,SIU CSA ,783526
CHJRC,Claims-Adj FPC PIP MP-Sr Cons I,CSA NY Islandia MCO 5 NO FAULT 2 (52113120),ISLANDIA,New York CSA ,759250
CDNFJ,Claims-Adj TPLC Rep-Cons II,CSA MW NORTH UM/UIM REP/TYPE 1 (52168257),CHICAGO NORTH MCO,Midwest CSA ,778668
CDTC2,Claims-Adj FPC PIP MP-Cons I,CSA NC MI PIP EXTEND (52172165),MICHIGAN PIP MCO,North Central CSA ,772514
CGHTX,Claims-Adj TPLC Rep-Sr Cons I,CASUALTY REP UNIT (52172336),MOORESTOWN,Allstate New Jersey CSA ,33017
CK1Z1,Claims-Adj TPLC Rep-Sr Cons II,CPL/COVERAGE (52171125),ARIZONA CASUALTY,Southwest CSA ,764879
CKZ0Y,Claims-Adj TPLC Rep-Cons I,CSA WS OK MULTI CAS REPRESENTED (52163150),OKLAHOMA,Southwest CSA ,44586
SRUFA,Claims-Adj TPLC Rep-Cons II,CSA TX DFW CAS REP 5 (52171527),DFW CASUALTY,Texas CSA ,65839
JRU16,Claims-Adj FPC PIP MP-Anlst II,CSA MEDPAY M (52161039),MED CENTRAL BIRMINGHAM,Med Central CSA ,45813
JRUTO,Claims-Adj TPLC Rep-Cons II,CSA TX DFW CAS REP 6 (52171207),DFW CASUALTY,Texas CSA ,774023
CDP24,Claims-Adj TPLC Rep-Sr Cons II,CSA NY Hauppauge MCO 3 CASUALTY REP UNIT (52112920),HAUPPAUGE,New York CSA ,32151
CJD7C,Claims-Adj TPLC Rep-Cons II,CSA NW WA CAS 12 (52168027),WESTERN WA CASUALTY,Northwest CSA ,775472
CDR8W,Claims-Adj TPLC Rep-Sr Cons II,CSA NY Brooklyn Metro MCO 2 CASUATY REP (52001089),BROOKLYN METRO MCO,New York CSA ,32015
CG5CL,Claims-Adj TPLC Rep-Sr Cons II,CSA NJ Monmouth Casualty Unit 2 (52128504),MONMOUTH,Allstate New Jersey CSA ,22760
BSAMU,Claims-Adj FPC PIP MP-Anlst I,FL PIP CENTRAL - PROFFITT (52143190),FLORIDA PIP CENTRAL,Florida CSA ,52263
MSAY9,Claims-Adj TPLC Rep-Cons II,CSA TX DFW CAS REP 5 (52171527),DFW CASUALTY,Texas CSA ,66515
RSAP9,Claims-Adj TPLC Rep-Cons I,CSA WC Colorado CAS UNREP1 (52115092),COLORADO CASUALTY,West Central CSA ,780606
CH2LG,Claims-Adj TPLC Rep-Sr Cons I,CSA TX HOUSTON SPECIALTY CAS REP 3 (52163032),HOUSTON SPECIALTY,Texas CSA ,57510
VWINN,Claims-Adj SIU Invstgr-Cons II,CSA SIU MID AMERICA UK2 (52124712),CLAIMS CAPITAL-NASHVILLE SIU,SIU CSA ,777234
DSANN,Claims-Adj FPC PIP MP-Anlst II,CSA MEDPAY E (52140680),MED CENTRAL BIRMINGHAM,Med Central CSA ,212980
ASANO,Claims-Adj FPC PIP MP-Cons II,CSA NC MI PIP EXTEND/CAT (52171614),MICHIGAN PIP MCO,North Central CSA ,81323
CGM15,Claims-Adj TPLC Unrep-Sr Cons I,CSA NW AUTO MCO (52158407),NW AUTO,Northwest CSA ,121570
CDGHK,Claims-Adj TPLC Rep-Sr Cons II,CSA CAP BALTIMORE MCO REP 1 (52171227),MARYLAND CASUALTY MCO,Capital CSA ,23282
CD1L8,Claims-Adj FPC PIP MP-Cons II,CSA NJ BWC PIP/SMU (52171004),CLAIMS METRO EAST SIU,SIU CSA ,12331
CGKB1,Claims-Adj TPLC Rep-Sr Cons I,HARRISBURG MCO (52169471),HARRISBURG MCO,Northeast CSA ,52944
MSCAF,Claims-Adj TPLC Unrep-Cons II,CSA WS AZ CASUALTY LITIGATION (52154210),ARIZONA CASUALTY,Southwest CSA ,779318
CKMD3,Claims-Adj TPLC Rep-Cons II,CSA NC MDC BI REPRESENTED (52115780),METRO DETROIT CASUALTY,North Central CSA ,82041
CSCHG,Claims-Adj TPLC Rep-Cons II,CSA WC Colorado CAS UNREP1 (52115092),COLORADO CASUALTY,West Central CSA ,780608
CK7Y6,Claims-Adj TPLC Rep-Cons I,CSA SE ALABAMA MCO AUTO 10 (52172199),ALABAMA MCO,Southeast CSA ,45414
CHCZ1,Claims-Adj TPLC Unrep-Cons I,CSA WS UTAH MULTI UNREP UM/UIM (52160502),UTAH,Southwest CSA ,157463
C64058,Claims-Adj SIU Invstgr-Sr Cons II,CLAIMS GL NE SIU ENC A P C (52170686),CLAIMS METRO EAST SIU,SIU CSA ,124308
PSEPP,Claims-Adj TPLC Rep-Sr Cons I,CSA NY Brooklyn Metro MCO 2 CASUATY REP (52001089),BROOKLYN METRO MCO,New York CSA ,759193
CG354,Claims-Adj TPLC Rep-Sr Cons II,CSA NJ Monmouth Casualty Unit 3 (52122199),MONMOUTH,Allstate New Jersey CSA ,12335
KSEWE,Claims-Adj TPLC Rep-Sr Cons I,CSA TX HOUSTON SPECIALTY CAS REP 9 (52112942),HOUSTON SPECIALTY,Texas CSA ,65821
CDSB9,Claims-Adj TPLC Rep-Sr Cons II,CSA NY Nassau Casualty MCO Cas. Rep 4 (52001070),NASSAU CASUALTY MCO,New York CSA ,26360
CJHXB,Claims-Adj TPLC Rep-Sr Cons II,CSA MW NORTH REP1 (52114824),CHICAGO NORTH MCO,Midwest CSA ,779354
MSHBJ,Claims-Adj FPC PIP MP-Anlst II,MED CENTRAL HOUSTON CMOUNT (52163675),MED CENTRAL HOUSTON,Med Central CSA ,66220
ASHEA,Claims-Adj FPC PIP MP-Anlst II,CSA NY Islandia MCO 5 NO FAULT 8 (52113233),ISLANDIA,New York CSA ,766897
GSHEC,Claims-Adj TPLC Unrep-Cons II,CSA TX DFW CAS REP 8 (52167669),DFW CASUALTY,Texas CSA ,788908
ZSHEO,Claims-Adj FPC PIP MP-Anlst II,CSA NC MI PIP MED SPECIALTY (52115763),MICHIGAN PIP MCO,North Central CSA ,772441
CDSCW,Claims-Adj TPLC Rep-Sr Cons II,CSA NY Hauppauge MCO 3 CASUALTY UNREP (52112935),HAUPPAUGE,New York CSA ,29312
BSHEU,Claims-Adj TPLC Rep-Anlst III,CSA NW WA CAS 12 (52168027),WESTERN WA CASUALTY,Northwest CSA ,773697
CDQRH,Claims-Adj TPLC Rep-Sr Cons II,CSA NY Nassau Casualty MCO Cas. UR 1 (52113770),NASSAU CASUALTY MCO,New York CSA ,30253
CDSC7,Claims-Adj TPLC Rep-Cons II,CSA NY Brooklyn Metro MCO 2 CASUALTY REP (52000893),BROOKLYN METRO MCO,New York CSA ,12939
ESIMN,Claims-Adj FPC PIP MP-Anlst III,CSA NC MI PIP ACP (52165042),MICHIGAN PIP MCO,North Central CSA ,779961
SSIMPO,Claims-Adj FPC PIP MP-Anlst II,MED CENTRAL HOUSTON PA (52160460),MED CENTRAL HOUSTON,Med Central CSA ,778235
CSIMP,Claims-Adj TPLC Rep-Cons II,CSA TX HOUSTON SPECIALTY CAS REP 10 (52167778),HOUSTON SPECIALTY,Texas CSA ,65109
LSKLA,Claims-Adj Enc PIP MP-Cons II,CSA ENCOMPASS NJ PIP (52165433),Encompass Centralized PIP/MED PAY,Encompass CSA ,24482
CFC4K,Claims-Adj TPLC Rep-Sr Cons II,CSA NY Beacon MCO 7 CASUALTY REP 2 (52000793),BEACON,New York CSA ,12562
CDNVG,Claims-Adj TPLC Rep-Sr Cons II,CSA WS UTAH MULTI REP UM/UIM (52160501),UTAH,Southwest CSA ,778318
CD1RP,Claims-Adj TPLC Rep-Cons II,CSA NJ BWC UM/COMM (52160062),CLAIMS METRO EAST SIU,SIU CSA ,12329
CLPFC,Claims-Adj FPC PIP MP-Anlst III,MED CENTRAL HOUSTON CMOUNT (52163675),MED CENTRAL HOUSTON,Med Central CSA ,772225
KSMW9,Claims-Adj FPC Bill Adjudctn-Anlst II,CSA NC MI PIP BILL TEAM (52165935),MICHIGAN PIP MCO,North Central CSA ,772456
CDGL3,Claims-Adj TPLC Rep-Sr Cons II,CSA NE WILLOW GROVE CAS REP 2 (52134277),PENNSYLVANIA AUTO MCO,Northeast CSA ,27270
CJ18L,Claims-Adj TPLC Rep-Cons II,CSA TX TEJAS MULTI 12 (52167780),TEJAS,Texas CSA ,64606
CK3HN,Claims-Adj FPC PIP MP-Cons I,MED CENTRAL HOUSTON SPEC (52165651),MED CENTRAL HOUSTON,Med Central CSA ,82195
CSMV6,Claims-Adj TPLC Rep-Cons II,CSA TX WEST TEXAS MULTI 9 (52164697),WEST TEXAS,Texas CSA ,65527
KNSEE,Claims-Adj SIU Invstgr-Cons II,CSA WESTERN FRONTIER SIU TX A/P (52170480),CLAIMS WESTERN FRONTIER,SIU CSA ,65242
CDNW7,Claims-Adj TPLC Rep-Sr Cons I,CSA MW NORTH REP1 (52114824),CHICAGO NORTH MCO,Midwest CSA ,778915
MSNIP,Claims-Adj FPC PIP MP-Anlst I,FL PIP CENTRAL - TOWNSEND (52143187),FLORIDA PIP CENTRAL,Florida CSA ,777949
CDSFW,Claims-Adj TPLC Rep-Sr Cons II,CSA NY Brooklyn Metro MCO 2 CASUATY REP (52001089),BROOKLYN METRO MCO,New York CSA ,25892
CGD58,Claims-Adj TPLC Rep-Sr Cons II,CSA NJ BWC UM/UIM (52114862),CLAIMS METRO EAST SIU,SIU CSA ,12328
KSOTP,Claims-Adj FPC PIP MP-Anlst II,MED CENTRAL HOUSTON CMOUNT (52163675),MED CENTRAL HOUSTON,Med Central CSA ,66222
YSOUF,Claims-Adj FPC PIP MP-Anlst III,CSA NY Brooklyn Metro MCO 2 No Fault (52143892),BROOKLYN METRO MCO,New York CSA ,759306
LSOUT,Claims-Adj FPC PIP MP-Anlst II,CSA MEDPAY M (52161039),MED CENTRAL BIRMINGHAM,Med Central CSA ,788210
KSOUZ,Claims-Adj TPLC Unrep-Cons I,CSA NJ MOORESTOWN UNREP CAS (52114786),MOORESTOWN,Allstate New Jersey CSA ,22794
CDR7B,Claims-Adj TPLC Rep-Sr Cons II,CSA NY Nassau Casualty MCO Cas. UR 1 (52113770),NASSAU CASUALTY MCO,New York CSA ,12848
CHYCY,Claims-Adj FPC PIP MP-Sr Cons I,FL PIP CENTRAL - WILSON (52170928),FLORIDA PIP CENTRAL,Florida CSA ,52291
KJUTR,Claims-Adj Enc Cas-Cons II,CSA ENCOMPASS WOODRIDGE CASUALTY II (52166846),Woodridge,Encompass CSA ,779865
SSTCA,Claims-Adj TPLC Rep-Cons I,CSA CAP ROANOKE MCO CAS UM/UIM (52106210),ROANOKE,Capital CSA ,44508
BSTAC,Claims-Adj FPC PIP MP-Anlst II,CSA MEDPAY A (52171061),MED CENTRAL BIRMINGHAM,Med Central CSA ,44529
C470773,Claims-Adj Enc Cas-Cons II,CSA ENCOMPASS READING FPL10 (52133782),Mid-Atlantic,Encompass CSA ,771451
GST33,Claims-Adj TPLC Rep-Sr Cons I,CASUALTY REP UNIT (52172336),MOORESTOWN,Allstate New Jersey CSA ,771288
CD1VD,Claims-Adj TPLC Rep-Sr Cons II,CASUALTY REP UNIT (52172336),MOORESTOWN,Allstate New Jersey CSA ,12359
VSTEP,Claims-Adj FPC PIP MP-Anlst II,CSA MEDPAY F (52171062),MED CENTRAL BIRMINGHAM,Med Central CSA ,764160
CLR0Q,Claims-Adj TPLC Rep-Cons I,CSA NY Beacon MCO 7 CASUALTY UNREP/REP (52113454),BEACON,New York CSA ,31153
CK4JZ,Claims-Adj TPLC Rep-Sr Cons I,CSA TX DFW CAS REP 4 (52113214),DFW CASUALTY,Texas CSA ,65210
LSTOV,Claims-Adj FPC PIP MP-Anlst I,FL PIP CENTRAL - PROFFITT (52143190),FLORIDA PIP CENTRAL,Florida CSA ,776242
CKGFL,Claims-Adj TPLC Unrep-Sr Cons I,HOUSTON MCO MCO UNREP N (52167746),HOUSTON,Texas CSA ,64744
ASTRO,Claims-Adj TPLC Rep-Cons II,CSA WS UTAH MULTI REP UM/UIM (52160501),UTAH,Southwest CSA ,159067
CL406,Claims-Adj Cmcl Rep-Sr Cons II,LITIGATION (52172485),SIU CSA ,#N/A,27771
CLJNG,Claims-Adj TPLC Unrep-Cons II,HOUSTON MCO UNREP K (52167359),HOUSTON,Texas CSA ,65395
CF3SM,Claims-Adj FPC PIP MP-Anlst II,FL PIP CENTRAL - WILSON (52170928),FLORIDA PIP CENTRAL,Florida CSA ,52293
CG8XQ,Claims-Adj FPC PIP MP-Cons I,FL PIP CENTRAL - KEYS (52149080),FLORIDA PIP CENTRAL,Florida CSA ,52329
CSUTU,Claims-Adj TPLC Rep-Anlst III,CSA WS UTAH MULTI CAS REP (52115617),UTAH,Southwest CSA ,772462
CKLC2,Claims-Adj TPLC Unrep-Cons II,CSA WS UTAH MULTI CAS UNREP 1 (52115455),UTAH,Southwest CSA ,157473
CDSHS,Claims-Adj TPLC Rep-Sr Cons II,CSA NY Brooklyn Metro MCO 2 CASUALTY REP (52000893),BROOKLYN METRO MCO,New York CSA ,29881
CTATH,Claims-Adj TPLC Rep-Cons I,CSA TX DFW CAS REP 8 (52167669),DFW CASUALTY,Texas CSA ,782123
CTERV,Claims-Adj FPC PIP MP-Anlst I,CSA NC MI PIP LIMITED CARE (52172906),MICHIGAN PIP MCO,North Central CSA ,772450
RTHO4,Claims-Adj Enc PIP MP-Anlst III,UNIT 4 (52168994),Encompass Centralized PIP/MED PAY,Encompass CSA ,193464
MTHPF,Claims-Adj TPLC Rep-Anlst III,CSA NY WESTERN NY CASUALTY K (52173298),WESTERN NY MCO,New York CSA ,784246
ATILL,Claims-Adj TPLC Rep-Cons II,CSA TX DFW CAS REP 10 (52169648),DFW CASUALTY,Texas CSA ,67265
LTIRE,Claims-Adj Enc Cas-Cons I,CSA ENCOMPASS NY CASUALTY (52102628),Glens Falls,Encompass CSA ,755031
CDWST,Claims-Adj TPLC Rep-Sr Cons I,CSA TX TEJAS MULTI 1 (52169468),TEJAS,Texas CSA ,62729
VTONH,Claims-Adj Enc PIP MP-Anlst III,CSA ENCOMPASS NJ PIP (52165433),Encompass Centralized PIP/MED PAY,Encompass CSA ,49760
CFGSG,Claims-Adj FPC PIP MP-Cons I,FL PIP CENTRAL - TOWNSEND (52143187),FLORIDA PIP CENTRAL,Florida CSA ,52178
CDSKN,Claims-Adj TPLC Rep-Sr Cons II,CSA NY Hauppauge MCO 3 CASUALTY REP UNIT (52112920),HAUPPAUGE,New York CSA ,26299
CHHKW,Claims-Adj FPC PIP MP-Cons II,CSA NC MI PIP MED SPECIALTY (52115763),MICHIGAN PIP MCO,North Central CSA ,772454
JTRIH,Claims-Adj TPLC Rep-Anlst III,CSA NY WESTERN NY CASUALTY T (52173148),WESTERN NY MCO,New York CSA ,784264
CD6NG,Claims-Adj FPC PIP MP-Sr Cons I,CSA NY Brooklyn Metro MCO 2 NO-FAULT 5 (52000903),BROOKLYN METRO MCO,New York CSA ,759345
TTRUO,Claims-Adj FPC PIP MP-Anlst I,MED CENTRAL HOUSTON WA (52167861),MED CENTRAL HOUSTON,Med Central CSA ,66223
CHP48,Claims-Adj SIU Invstgr-Sr Cons II,CSA Western Frontier SIU CAS (52115653),CLAIMS WESTERN FRONTIER,SIU CSA ,64346
CHM6Y,Claims-Adj SIU Invstgr-Sr Cons II,CLAIMS GL NE SIU MI PIP O (52170688),CLAIMS GREAT LAKES-NORTHEAST,SIU CSA ,121122
DTUZA,Claims-Adj FPC PIP MP-Cons I,CSA NY Brooklyn Metro MCO 2 NO-FAULT 4 (52159652),BROOKLYN METRO MCO,New York CSA ,758421
CDWTV,Claims-Adj TPLC Rep-Sr Cons II,CSA WS AZ CASUALTY LITIGATION (52154210),ARIZONA CASUALTY,Southwest CSA ,12843
CJ1ZZ,Claims-Adj TPLC Unrep-Cons I,CSA WS NV MULTI (52168629),NEVADA MCO,Southwest CSA ,781371
JVAAC,Claims-Adj TPLC Rep-Sr Cons I,CSA MW SOUTH REP (52142682),CHICAGO SOUTH,Midwest CSA ,779358
RVANC,Claims-Adj FPC PIP MP-Anlst II,CSA MEDPAY H (52167790),MED CENTRAL BIRMINGHAM,Med Central CSA ,213466
TVARS,Claims-Adj FPC PIP MP-Anlst III,CSA NC MI PIP EXTEND (52172165),MICHIGAN PIP MCO,North Central CSA ,775108
KVASV,Claims-Adj FPC PIP MP-Anlst II,CSA NY ISLANDIA MCO 5 NO FAULT 4 (52113121),ISLANDIA,New York CSA ,760983
NNIEV,Claims-Adj TPLC Rep-Cons I,CSA NY Brooklyn Metro MCO 2 CASUATY REP (52001089),BROOKLYN METRO MCO,New York CSA ,762519
CJ0XC,Claims-Adj FPC PIP MP-Cons I,MED CENTRAL HOUSTON WA (52167861),MED CENTRAL HOUSTON,Med Central CSA ,66224
CK088,Claims-Adj TPLC Unrep-Anlst II,CSA FL TAMPA BAY CASUALTY A UNIT (52123025),TAMPA BAY CASUALTY,Florida CSA ,52186
RVELF,Claims-Adj TPLC Rep-Anlst III,CSA NY Hauppauge MCO 3 CASUALTY REP UNIT (52112920),HAUPPAUGE,New York CSA ,760608
CHRK0,Claims-Adj FPC PIP MP-Anlst III,MED CENTRAL HOUSTON WA (52167861),MED CENTRAL HOUSTON,Med Central CSA ,778143
NVESP,Claims-Adj FPC PIP MP-Sr Cons I,MED CENTRAL HOUSTON (52170764),MED CENTRAL HOUSTON,Med Central CSA ,66225
CDWWC,Claims-Adj SIU Invstgr-Sr Cons II,CSA Western Frontier SIU CAS (52115653),CLAIMS WESTERN FRONTIER,SIU CSA ,66323
SVEST,Claims-Adj FPC PIP MP-Cons I,MED CENTRAL HOUSTON SPEC (52165651),MED CENTRAL HOUSTON,Med Central CSA ,66226
CHSYD,Claims-Adj TPLC Rep-Cons II,CSA NJ Monmouth Casualty Unit 2 (52128504),MONMOUTH,Allstate New Jersey CSA ,22759
CD85D,Claims-Adj TPLC Rep-Sr Cons I,CSA NY Beacon MCO 7 CASUALTY REP 2 (52000793),BEACON,New York CSA ,12769
RVILP,Claims-Adj TPLC Rep-Sr Cons I,CSA TX TEJAS MULTI 4 (52167781),TEJAS,Texas CSA ,64683
CDQ3T,Claims-Adj TPLC Rep-Cons II,CSA WS NV MULTI LITIGATION (52136782),NEVADA MCO,Southwest CSA ,152696
MVINS,Claims-Adj TPLC Rep-Cons II,CSA TX TEJAS MULTI 7 (52113435),TEJAS,Texas CSA ,763128
AWAU9,Claims-Adj FPC PIP MP-Anlst II,CSA MEDPAY A (52171061),MED CENTRAL BIRMINGHAM,Med Central CSA ,764132
CDWW3,Claims-Adj TPLC Rep-Sr Cons II,CSA TX HOUSTON SPECIALTY CAS REP 9 (52112942),HOUSTON SPECIALTY,Texas CSA ,776702
MWALU,Claims-Adj TPLC Rep-Cons II,CSA TX TEJAS MULTI 3 (52166615),TEJAS,Texas CSA ,64025
CD5S4,Claims-Adj FPC PIP MP-Sr Cons I,CSA NY Brooklyn Metro MCO 2 NO-FAULT 5 (52000903),BROOKLYN METRO MCO,New York CSA ,759344
BWASK,Claims-Adj FPC PIP MP-Anlst II,MED CENTRAL HOUSTON (52170826),MED CENTRAL HOUSTON,Med Central CSA ,66228
SWAS0,Claims-Adj FPC PIP MP-Anlst II,CSA NC MI PIP ACP (52165042),MICHIGAN PIP MCO,North Central CSA ,782877
TWATG,Claims-Adj TPLC Rep-Sr Cons II,CSA SE ATLANTA METRO CAS REP 7 (52158583),ATLANTA AUTO,Southeast CSA ,43810
CD72B,Claims-Adj TPLC Rep-Cons II,CSA NJ Monmouth Casualty Unit 2 (52128504),MONMOUTH,Allstate New Jersey CSA ,22756
TWEBG,Claims-Adj FPC PIP MP-Anlst II,MED CENTRAL HOUSTON SPEC (52165651),MED CENTRAL HOUSTON,Med Central CSA ,66229
CGMSL,Claims-Adj TPLC Rep-Cons II,CSA NJ Monmouth Casualty Unit 2 (52128504),MONMOUTH,Allstate New Jersey CSA ,22761
C470892,Claims-Adj Enc Cas-Cons II,CSA ENCOMPASS READING FPL10 (52133782),Mid-Atlantic,Encompass CSA ,772816
JCOPE,Claims-Adj FPC PIP MP-Anlst II,CSA MEDPAY M (52161039),MED CENTRAL BIRMINGHAM,Med Central CSA ,45243
CJVD4,Claims-Adj TPLC Rep-Cons II,CASUALTY REP UNIT (52172336),MOORESTOWN,Allstate New Jersey CSA ,22800
CD5NJ,Claims-Adj TPLC Rep-Sr Cons II,NE Casualty Unit R (52113264),NORTHEAST CASUALTY,Northeast CSA ,24323
BWEST,Claims-Adj TPLC Rep-Cons II,CSA NE PITTSBURGH CAS REP 1 (52114069),PITTSBURGH,Northeast CSA ,28338
CJ09V,Claims-Adj FPC PIP MP-Cons I,MED CENTRAL HOUSTON TASK FORCE (52168906),MED CENTRAL HOUSTON,Med Central CSA ,66230
CKH87,Claims-Adj TPLC Rep-Cons II,CSA WC KC CAS LITIGATION (52122265),KANSAS CITY CASUALTY,West Central CSA ,156351
C011247,Claims-Adj TPLC Unrep-Cons II,CSA WS OK MULTI CAS CONTINUING (52163124),OKLAHOMA,Southwest CSA ,45485
CDSQ3,Claims-Adj FPC PIP MP-Sr Cons I,CSA NY ISLANDIA MCO 5 NO FAULT 4 (52113121),ISLANDIA,New York CSA ,759687
MWHK9,Claims-Adj TPLC Unrep-Anlst III,CSA TX DFW CAS REP 8 (52167669),DFW CASUALTY,Texas CSA ,781672
CD14B,Claims-Adj TPLC Rep-Sr Cons I,CSA NJ Monmouth Casualty Unit 3 (52122199),MONMOUTH,Allstate New Jersey CSA ,12373
JWHO9,Claims-Adj FPC PIP MP-Anlst II,MED CENTRAL HOUSTON CENTRAL/EAST (52145472),MED CENTRAL HOUSTON,Med Central CSA ,66231
LWILE,Claims-Adj SIU Invstgr-Cons II,CSA SIU MASSARELLA (52133228),CLAIMS SOUTHEAST COAST,SIU CSA ,137291
CDWZ6,Claims-Adj TPLC Rep-Sr Cons II,CSA TX DFW CAS REP 4 (52113214),DFW CASUALTY,Texas CSA ,56523
RCHAY,Claims-Adj TPLC Rep-Cons II,CSA FL ORLANDO CASUALTY REPR 1 (52115156),ORLANDO,Florida CSA ,788592
KWIMP,Claims-Adj FPC PIP MP-Cons I,CSA NC MI PIP CAT PIP 1 (52167849),MICHIGAN PIP MCO,North Central CSA ,772540
CGJF2,Claims-Adj TPLC Rep-Sr Cons I,CSA NY ROCKLAND MCO 9 CASUALTY REP 1 (52163364),ROCKLAND,New York CSA ,32146
RWILU,Claims-Adj FPC PIP MP-Anlst II,CSA MEDPAY S (52164692),MED CENTRAL BIRMINGHAM,Med Central CSA ,129059
LWIAE,Claims-Adj TPLC Rep-Sr Cons II,CSA WS UTAH MULTI REP UM/UIM (52160501),UTAH,Southwest CSA ,159513
AWIQ9,Claims-Adj FPC PIP MP-Anlst III,CSA NC MI PIP LIMITED CARE/MSU (52172855),MICHIGAN PIP MCO,North Central CSA ,772438
MHOUA,Claims-Adj TPLC Rep-Cons II,CSA WS OK MULTI CAS REPRESENTED (52163150),OKLAHOMA,Southwest CSA ,67290
CK83X,Claims-Adj TPLC Rep-Sr Cons I,CSA CAP ROANOKE MCO CAS UM/UIM (52106210),ROANOKE,Capital CSA ,772270
CFRX4,Claims-Adj TPLC Unrep-Sr Cons I,CSA WS UTAH MULTI UNREP UM/UIM (52160502),UTAH,Southwest CSA ,787804
BWOHL,Claims-Adj TPLC Rep-Cons II,CSA KC CAS LIT 2 (52169212),KANSAS CITY CASUALTY,West Central CSA ,764919
MMCD9,Claims-Adj FPC PIP MP-Cons II,CSA NC MI PIP EXTEND/CAT (52171614),MICHIGAN PIP MCO,North Central CSA ,772544
SASHB,Claims-Adj TPLC Rep-Anlst III,CSA NY WESTERN NY CASUALTY T (52173148),WESTERN NY MCO,New York CSA ,784265
CKYZR,Claims-Adj TPLC Rep-Sr Cons II,CSA MW NORTH REP1 (52114824),CHICAGO NORTH MCO,Midwest CSA ,778630
CDSN4,Claims-Adj TPLC Rep-Sr Cons II,CSA NY Brooklyn Metro MCO 2 CASUALTY REP (52000893),BROOKLYN METRO MCO,New York CSA ,32452
CFH2R,Claims-Adj FPC PIP MP-Anlst II,FL PIP CENTRAL - TOWNSEND (52143187),FLORIDA PIP CENTRAL,Florida CSA ,52180
MWOAH,Claims-Adj TPLC Unrep-Sr Cons I,HOUSTON MCO UNREP A (52165755),HOUSTON,Texas CSA ,771316
CDX7G,Claims-Adj SIU Invstgr-Sr Cons II,CLAIMS GL NE SIU NEW ENG (52129620),CLAIMS CAPITAL-NASHVILLE SIU,SIU CSA ,723641
IWOSI,Claims-Adj FPC PIP MP-Anlst I,CSA NC MI PIP LIMITED CARE (52172906),MICHIGAN PIP MCO,North Central CSA ,772453
CG7YP,Claims-Adj TPLC Rep-Cons II,CSA WS NV MULTI LITIGATION (52136782),NEVADA MCO,Southwest CSA ,159971
CH29B,Claims-Adj TPLC Rep-Cons II,NE Casualty Unit R (52113264),NORTHEAST CASUALTY,Northeast CSA ,54459
DWRIT,Claims-Adj FPC PIP MP-Anlst II,CSA MEDPAY M (52161039),MED CENTRAL BIRMINGHAM,Med Central CSA ,788398
BWUAA,Claims-Adj TPLC Rep-Anlst III,CSA NJ BWC UM/COMM (52160062),CLAIMS METRO EAST SIU,SIU CSA ,33025
AWUNN,Claims-Adj TPLC Rep-Anlst III,CSA TX DFW CAS REP 2 (52161480),DFW CASUALTY,Texas CSA ,780646
CDPYY,Claims-Adj TPLC Rep-Sr Cons II,CSA NW WA CAS REP 11 (52154476),WESTERN WA CASUALTY,Northwest CSA ,776140
CK7VV,Claims-Adj TPLC Rep-Cons I,ALABAMA AUTO 16 (52173180),ALABAMA MCO,Southeast CSA ,786867
TYATF,Claims-Adj FPC PIP MP-Cons I,CSA NC MI PIP EXTEND (52172165),MICHIGAN PIP MCO,North Central CSA ,772515
CD5P2,Claims-Adj FPC PIP MP-Sr Cons I,CSA NC MI PIP ADMIN (52116225),MICHIGAN PIP MCO,North Central CSA ,74930
CG7QX,Claims-Adj TPLC Rep-Sr Cons I,CSA TX HOUSTON SPECIALTY CAS REP 3 (52163032),HOUSTON SPECIALTY,Texas CSA ,57651
TZICC,Claims-Adj TPLC Rep-Anlst III,CSA NY WESTERN NY CASUALTY K (52173298),WESTERN NY MCO,New York CSA ,784248
